rho,iter,conv,bound,wmax,xerr,xbar
0.1,1,4440.666666666666,-115399.99999999999,6.666666666666669,58.333333333333314,57.3333333333 308.333333333 134.333333333
0.1,2,4440.666665706927,-114961.05555555555,13.33333333272289,58.33333333478873,57.3333333344 308.333333335 134.333333331
0.1,3,4440.666665606908,-114516.55555560361,19.999999998696236,58.33333333462451,57.3333333346 308.333333335 134.333333331
0.1,4,4440.666665764806,-114072.05555565667,26.666666664846556,58.333333335777525,57.3333333339 308.333333336 134.33333333
0.1,5,4440.66666572422,-113627.55555570182,33.333333330979,58.333333335984435,57.3333333339 308.333333336 134.33333333
0.1,6,1990.6666659089765,-113370.55555567489,34.99999999915485,35.66666667124039,82.3333333238 283.333333347 134.333333329
0.1,7,1990.6666655388485,-113170.77777793522,36.666666680646564,35.66666667040457,82.3333332556 283.333333415 134.33333333
0.1,8,1990.6666654268033,-112971.00000021483,39.166666676711706,35.66666667133734,82.3333332572 283.333333414 134.333333329
0.1,9,1990.666665153702,-112771.22222250004,43.79999999207655,35.66666667337935,82.3333332594 283.333333414 134.333333327
0.1,10,1990.6666647518864,-112571.44444479894,48.66666665666796,35.666666673122734,82.3333332401 283.333333433 134.333333327
0.1,11,998.7777816061446,-112429.83333210154,50.90000000562006,48.83333325086076,95.4999998281 283.333333423 121.166666749
0.1,12,1014.1234553266097,-112359.14814729124,52.500000036141756,55.11111100997704,101.777777633 283.333333377 114.88888899
0.1,13,1008.676268961179,-112230.95925915455,55.833333371317195,54.90740738843931,101.574074031 283.333333358 115.092592612
0.1,14,970.7660446541124,-112106.48518444537,59.16666670561936,52.67901268429631,99.3456793338 283.333333351 117.320987316
0.1,15,967.3238974370042,-112016.29753232292,62.500000039117346,51.26131774047414,97.9279843919 283.333333349 118.73868226
0.1,16,968.1437718707812,-111917.03663256486,65.83333337221482,51.05898550055966,97.7256521541 283.333333346 118.941014499
0.1,17,966.9582765480841,-111816.48080647475,69.1666667052051,51.39666190276972,98.0633285589 283.333333344 118.603338097
0.1,18,966.6687015146001,-111720.69745522038,72.50000003810388,51.68922368299482,98.3558903411 283.333333342 118.310776317
0.1,19,966.710799389152,-111623.82627159372,75.83333337086535,51.771706194801396,98.4383728542 283.333333341 118.228293805
0.1,20,966.6822947151375,-111526.20724652629,79.1666667034554,51.72917392296762,98.3958405831 283.33333334 118.270826077
0.1,21,966.6668433003834,-111429.30277384036,82.5000000358631,51.67332487857291,98.3399915395 283.333333339 118.326675121
0.1,22,966.6677409613693,-111332.67871980168,85.83333336745532,51.650269714867534,98.3169363736 283.333333341 118.349730285
0.1,23,966.6673571107206,-111235.90711274132,89.16666669884374,51.653515857912964,98.3201825185 283.333333339 118.346484142
0.1,24,966.6667085906925,-111139.18137925093,92.50000002986931,51.66336501567811,98.3300316797 283.333333336 118.336634984
0.1,25,966.6666833891775,-111042.54464747026,95.83333336038396,51.668849011509124,98.335515685 283.333333326 118.331150988
0.1,26,662.0275761403282,-111042.54464747026,98.22915731433483,42.294128299774286,98.3358887367 273.958239563 127.7058717
0.1,27,668.3932989323613,-111042.54464747026,100.35419990113216,36.45970406023446,95.2092781922 271.250425868 133.54029594
0.1,28,673.1217226974777,-110927.36303344076,102.50699810155064,35.31263988937519,93.784657885 271.527982004 134.687360111
0.1,29,652.9102920977132,-110785.06483640442,104.77318332777283,37.082787767736875,94.4209355053 272.661852262 132.917212232
0.1,30,640.5312829710622,-110718.39314917696,107.150660956322,39.42646769723075,95.6516914116 273.774776286 130.573532303
0.1,31,641.1750340560043,-110657.82892241477,109.59495839472987,40.88507348946058,96.4420991053 274.442974384 129.114926511
0.1,32,642.0608337130556,-110589.27422152355,112.0525392508558,41.171839521184324,96.5960309598 274.575808561 128.828160479
0.1,33,640.7979421916941,-110519.1600429746,114.48866007741638,40.7293029394076,96.3680946737 274.361208266 129.270697061
0.1,34,640.0308404126097,-110460.54099549953,116.895883002489,40.14338331993031,96.0711540691 274.072229251 129.85661668
0.1,35,640.0734443369386,-110398.80564068569,119.28489490716068,39.778731850763876,95.8886128039 273.890119047 130.221268149
0.1,36,640.1287376835974,-110331.3717882737,121.67026306453629,39.70704016753024,95.8533585937 273.853681574 130.292959832
0.1,37,640.049863299791,-110262.79318316287,124.0611396103985,39.81767420686134,95.9089087481 273.908765459 130.182325793
0.1,38,640.0019266112763,-110198.23679992449,126.45934223963198,39.964154083860365,95.9821277914 273.982026292 130.035845916
0.1,39,640.0045891130932,-110134.42100808208,128.8621075943015,40.055316942467584,96.0276633956 274.027653547 129.944683058
0.1,40,640.0080452442623,-110070.13608643922,131.26577027480843,40.073239864790224,96.0366130596 274.036626805 129.926760135
0.1,41,640.0031155652489,-110005.75895411542,133.66804965987873,40.04558135793587,96.0227875071 274.022793851 129.954418642
0.1,42,640.0001194751701,-109942.09953667127,136.06849772682045,40.008961388429725,96.0044807189 274.00448067 129.991038612
0.1,43,640.0002858292235,-109878.23977993823,138.46780621324186,39.986170669204995,95.9930858049 273.993084864 130.013829331
0.1,44,640.000501778469,-109814.02333120837,140.8668907015125,39.981689931104285,95.9908450483 273.990844883 130.018310069
0.1,45,640.0001936091048,-109749.73677375341,143.2663209414153,39.988604549103286,95.99430215 273.994302399 130.011395451
0.1,46,640.0000062831273,-109685.7022796929,145.66620893140816,39.997759532892985,95.9988796328 273.9988799 130.002240467
0.1,47,640.0000166034836,-109621.71381794337,148.06638180232866,40.003457204438575,96.0017284951 274.001728709 129.996542796
0.1,48,640.0000300164081,-109557.69601290041,150.46661068157758,40.004577380584806,96.002288588 274.002288793 129.995422619
0.1,49,640.000010496842,-109493.67243882814,152.86675312922318,40.002848710005225,96.0014242334 274.001424477 129.99715129
0.1,50,639.9999985773111,-109429.69370742195,155.2667811405489,40.00055994229962,96.0002798289 274.000280113 129.999440058
0.1,51,639.9999984208296,-109365.70247309629,157.66673793395913,39.99913547609299,95.9995675418 273.999567934 130.000864524
0.1,52,639.9999988334633,-109301.6889467159,160.06668072647346,39.99885537552029,95.9994274502 273.999427925 130.001144624
0.1,53,639.9999986036394,-109237.67103769252,162.46664512202145,39.99928754851135,95.9996435929 273.999643956 130.000712451
0.1,54,639.999997638967,-109173.66889623919,164.86663812713022,39.99985976198727,95.9999297107 273.999930051 130.000140238
0.1,55,639.9999972774447,-109109.66961749301,167.26664894077828,40.00021587176303,96.0001077351 274.000108137 129.999784128
0.1,56,639.999996818088,-109045.66850463231,169.66666325790428,40.000285853670704,96.0001426822 274.000143171 129.999714146
0.1,57,639.9999960638771,-108981.6670312149,172.06667217512006,40.000177751958006,96.0000885795 274.000089172 129.999822248
0.1,58,639.9999950957424,-108917.66834663645,174.46667394250372,40.00003462011071,96.0000169461 274.000017674 129.99996538
0.1,59,639.9999937658667,-108853.66889494385,176.86667126273747,39.99994548345103,95.9999722809 273.999973203 130.000054517
0.1,60,639.9999916438919,-108789.66804994925,179.26666771533198,39.99992782363165,95.9999632975 273.999964526 130.000072176
0.1,61,639.9999884491945,-108725.66693123212,181.66666553007698,39.99995459860824,95.9999764509 273.999978148 130.000045401
0.1,62,639.9999834918949,-108661.66681018982,184.06666515086005,39.99998999622591,95.9999937881 273.999996208 130.000010004
0.1,63,639.9999758289293,-108597.66685523995,186.46666591213025,40.000011686151936,96.0000040732 274.000007613 129.999988314
0.1,64,639.9999637915278,-108533.66678556646,188.86666693573224,40.00001517565363,96.0000049394 274.000010236 129.999984824
0.1,65,639.9999436658958,-108469.66669316933,191.2666676953335,40.00000698142213,95.9999993851 274.000007596 129.999993019
0.1,66,325.00003884939804,-108469.66669316933,192.91666803768854,32.500002185788105,95.9999987619 266.500003424 137.499997814
0.1,67,156.99988909749538,-108469.66669316933,193.7166680968512,21.4999953786145,93.4999947859 258.000000593 148.500004621
0.1,68,100.24999490269617,-108469.66669316933,193.71666768705222,10.249996651674138,90.2499966517 249.999995906 159.750007442
0.1,69,132.32917438318094,-108469.66669316933,193.08333939744153,7.666555104423253,87.6665551044 243.666717113 168.666727783
0.1,70,54.04899526108736,-108469.66669316933,192.31250335865613,7.7083603878162705,81.4999878464 242.291639612 176.208372541
0.1,71,41.82657844581483,-108469.66669316933,191.6291643293287,11.458320029340996,75.3750702505 243.16660972 181.458320029
0.1,72,58.65314964349787,-108469.66669316933,191.0527721932787,13.68053573189107,72.0833856283 244.23607864 183.680535732
0.1,73,56.05208994206004,-108426.93745706405,190.55300371382995,13.067084255984241,71.9306005356 245.002315208 183.067084256
0.1,74,38.5564258441713,-108398.11746620314,190.13387075578146,10.80626879860273,73.3850607798 245.808670422 180.806268799
0.1,75,15.607602560606296,-108398.11746620314,189.82219781680652,7.121221992288781,75.9955073964 246.883270611 177.121221992
0.1,76,2.5123594043911623,-108398.11746620314,189.6628217741663,2.8634820486688852,78.7302783777 248.406239574 172.863482049
0.1,77,0.6998388883051117,-108398.11746620314,189.6825199123864,1.1618806177852434,80.9648992356 250.196981382 168.838119382
0.1,78,5.78928374062769,-108398.11746620314,189.86836028993517,4.322703231757828,82.4642994491 251.858403783 165.677296768
0.1,79,11.691941191753394,-108398.11746620314,190.16907717340223,6.2362687824177385,83.2290999414 253.007168841 163.763731218
0.1,80,13.840738522303061,-108398.11746620314,190.51270446057137,6.791528207169023,83.3552553293 253.436272878 163.208471793
0.1,81,11.263284859436613,-108396.83229851437,190.82841966884476,6.122324383197906,82.9651722939 253.157152089 163.877675617
0.1,82,6.206587297563165,-108396.83229851437,191.06320644305504,4.544269792382636,82.1964020427 252.34786775 165.455730208
0.1,83,1.83455205083166,-108396.83229851437,191.18957243104202,2.471850621474374,81.2081907326 251.263659889 167.528149379
0.1,84,0.03344280728183269,-108396.83229851437,191.2052021683393,0.3328542386667266,80.1765568657 250.156297373 169.667145761
0.1,85,0.6807660043302675,-108396.83229851437,191.12754652541764,1.5051182270249512,79.2714382022 249.223443571 171.505118227
0.1,86,2.32910328827343,-108396.83229851437,190.98635783120022,2.785908833951339,78.6259781082 248.588113058 172.785908834
0.1,87,3.445522006877087,-108396.83229851437,190.816218633475,3.388916174681242,78.3124758025 248.298608023 173.388916175
0.1,88,3.3198989424339143,-108396.83229851437,190.65014172428425,3.3266029314359855,78.3341661604 248.339230908 173.326602931
0.1,89,2.219986017454473,-108390.73486473034,190.51472958675018,2.7202414325384154,78.6338799427 248.645878625 172.720241433
0.1,90,0.9309799413461171,-108390.73486473034,190.42712457467255,1.7615666665808476,79.1144834542 249.123949879 171.761566667
0.1,91,0.13430508557123294,-108390.73486473034,190.39384410525318,0.6690766652519073,79.663728029 249.667195306 170.669076665
0.1,92,0.03735052812946453,-108390.73486473034,190.41142304301925,0.35284428575232596,80.1770549081 250.175789378 169.647155714
0.1,93,0.3937500741360497,-108390.73486473034,190.46855498660287,1.1456374893574832,80.5743180535 250.571319436 168.854362511
0.1,94,0.7828179770936156,-108390.73486473034,190.54920465248367,1.6153587607250302,80.8088621019 250.806496659 168.384641239
0.1,95,0.905741737379479,-108390.73486473034,190.63603968411843,1.7375666515254125,80.8692163352 250.868350316 168.262433348
0.1,96,0.7205753933691892,-108390.73486473034,190.71354611946057,1.5498121839498538,80.7747478305 250.775064353 168.450187816
0.1,97,0.38650062566663834,-108390.73486473034,190.7703359896338,1.1350482278598122,80.5671495261 250.567898702 168.864951772
0.1,98,0.10808552546088629,-108390.73486473034,190.80037736791195,0.600237037934022,80.2998232552 250.300413783 169.399762962
0.1,99,0.0008918067632786059,-108390.73486473034,190.80311423236006,0.05452166126474367,80.0271530168 250.027368644 169.945478339
0.1,100,0.05026483159514851,-108390.73486473034,190.7826438401725,0.4093280216297046,79.7953759002 249.795296078 170.409328022
1.0,1,4440.666666666666,-115399.99999999999,66.66666666666669,58.333333333333314,57.3333333333 308.333333333 134.333333333
1.0,2,1465.1110614061452,-112385.55555555553,91.49999953988291,40.166666274048936,87.0000000635 283.16666621 129.833333726
1.0,3,741.5308515718294,-112385.55555555553,113.6111111132447,42.33333299235359,100.222221332 272.11111166 127.666667008
1.0,4,711.7246046419634,-111913.02457609959,136.20370390779135,42.249999807314694,99.657406897 272.59259291 127.750000193
1.0,5,642.8818377746754,-110093.24074023962,160.41049411288716,41.083333223989314,96.8765430185 274.206790205 128.916666776
1.0,6,640.966343640582,-109499.23182644763,184.7001032187241,39.958333171722984,95.6687240644 274.289609107 130.041666828
1.0,7,640.7641454746665,-108927.29882834478,208.56772984850082,39.41666629386003,95.5490396448 273.867626649 130.583333706
1.0,8,306.59320373390676,-108927.29882834478,221.90900760627216,29.05867023628636,95.7173924168 263.341277819 140.941329764
1.0,9,62.226477742675186,-108927.29882834478,224.84608822158515,17.171058036090415,94.2339773723 252.937080664 152.828941964
1.0,10,45.12612502157848,-108927.29882834478,218.6597713935366,13.922521222360501,93.9225212224 243.813683188 162.26379559
1.0,11,102.20007788267435,-108927.29882834478,207.53786932120812,12.890297514427346,92.8902975144 238.878098108 168.231604377
1.0,12,85.94780363456383,-108927.29882834478,196.83286714881325,10.705002130678878,89.1818476431 239.294997869 171.523154488
1.0,13,35.28169274128646,-108927.29882834478,189.9741313331958,6.858735782489305,83.7587158498 243.141264218 173.100019933
1.0,14,4.784095126847312,-108740.1593990466,187.6884144324119,3.8974024220241574,78.388314439 247.714283139 173.897402422
1.0,15,15.332079056967467,-108740.1593990466,188.04960126727903,4.273508396931845,75.7264916031 250.361186835 173.912321562
1.0,16,15.57212531894822,-108626.80884894493,188.89910641486355,4.122205734623833,75.8777942654 250.849505148 173.272700587
1.0,17,4.967218303727371,-108468.45123493025,189.129171370928,2.4242970269481674,77.5757029731 250.230065012 172.194232015
1.0,18,0.27355818754162686,-108468.45123493025,188.74852312278924,0.9298035537802036,79.4508446497 249.619351796 170.929803554
1.0,19,0.6945895822174745,-108468.45123493025,188.3086130553556,0.7187642353335377,80.7187642353 249.560089968 169.721145797
1.0,20,1.2334091639024036,-108468.45123493025,188.3069453656563,1.2412613445726208,81.2412613446 249.998332341 168.760406314
1.0,21,1.2288158268703342,-108468.45123493025,188.8919549033782,1.8336109870258497,81.2486014187 250.585009568 168.166389013
1.0,22,1.2286746404420057,-108468.45123493025,189.8824029857363,2.0230235885160823,81.0325754728 250.990448116 167.976976411
1.0,23,1.0617192848594368,-108425.5246521206,190.949085648405,1.8436968441237696,80.7770141438 251.0666827 168.156303156
1.0,24,0.6253871798101609,-108420.66354627698,191.79793927142956,1.3869751042428788,80.5381214387 250.848853666 168.613024896
1.0,25,0.19404672928240407,-108420.66354627698,192.2684937756679,0.7752111606986318,80.3046566099 250.470554551 169.224788839
1.0,26,0.005621078182417288,-108420.66354627698,192.3418626545442,0.13620604221603116,80.0628371139 250.073368928 169.863793958
1.0,27,0.05529024487985418,-108420.66354627698,192.09615441901857,0.4189992018548878,79.8267089831 249.754291815 170.418999202
1.0,28,0.20074117123842472,-108420.66354627698,191.65139432145006,0.811837012780046,79.6329230342 249.555239953 170.811837013
1.0,29,0.30320206409050693,-108420.66354627698,191.1287091915256,1.003895667051097,79.5187894135 249.477314919 171.003895667
1.0,30,0.29798406751829276,-108420.66354627698,190.6290783796499,0.9966285895073383,79.5030021746 249.500369236 170.99662859
1.0,31,0.2040881176776127,-108392.03286809803,190.2258965386791,0.8244679217413022,79.5787138733 249.596818205 170.824467922
1.0,32,0.08883542379480638,-108392.03286809803,189.96381222127013,0.5435893784459722,79.7184948948 249.737915727 170.543589378
1.0,33,0.014432299294310065,-108392.03286809803,189.85953367916846,0.21892569770622572,79.8853528017 249.895721501 170.218925698
1.0,34,0.0023294893077367694,-108392.03286809803,189.90392028695788,0.08811498478905833,80.0437283354 250.044386649 169.911885015
1.0,35,0.032541066928269836,-108392.03286809803,190.06630543719956,0.3292963905223303,80.1669111992 250.162385191 169.670703609
1.0,36,0.06781279775711208,-108392.03286809803,190.30157690889874,0.4753981676095691,80.2401266548 250.235271513 169.524601832
1.0,37,0.08047463328759846,-108392.03286809803,190.55923912080007,0.5179166281194512,80.2602543745 250.257662254 169.482083372
1.0,38,0.06543489440817532,-108392.03286809803,190.7926714351944,0.4670292509789249,80.233596894 250.233432357 169.532970749
1.0,39,0.0360785591132226,-108392.03286809803,190.96662961136443,0.34678490824200026,80.1728266884 250.17395822 169.653215092
1.0,40,0.01069252858392471,-108392.03286809803,191.06162837957956,0.1887838193307516,80.0937850065 250.094998813 169.811216181
1.0,41,0.0001976209805503053,-108392.03286809803,191.07477850308234,0.02565229059359808,80.0125021217 250.013150169 169.974347709
1.0,42,0.003937616929547094,-108392.03286809803,191.01751602464276,0.114566017121291,79.9426964156 249.942737567 170.114566017
1.0,43,0.013524015538236935,-108392.03286809803,190.91121441933566,0.21232025727354653,79.8939813022 249.893698441 170.212320257
1.0,44,0.020030510861002576,-108392.03286809803,190.78186495990198,0.25839540277053175,79.8709540111 249.870650586 170.258395403
1.0,45,0.01931300301563399,-108392.03286809803,190.65492120181187,0.25372544691424537,79.873218266 249.873056287 170.253725447
1.0,46,0.01292263899893228,-108390.52367295117,190.5511429157302,0.2075462342453136,79.8962320072 249.896221759 170.207546234
1.0,47,0.005424863888493282,-108390.52367295117,190.48394199617707,0.13447251062268606,79.9327283648 249.932799125 170.134472511
1.0,48,0.0007853817188169836,-108390.52367295117,190.4583970794556,0.05116564865471673,79.9743792243 249.974455127 170.051165649
1.0,49,0.00021522035122149814,-108390.52367295117,190.47180948233435,0.026784351756475644,80.0133719053 250.013412446 169.973215648
1.0,50,0.0022852650818124395,-108390.52367295117,190.51545005996928,0.0872786343667542,80.0436380134 250.043640621 169.912721366
1.0,51,0.0045493372349411825,-108390.52367295117,190.57701324644904,0.12314410583442736,80.061580876 250.06156323 169.876855894
1.0,52,0.005267505896982829,-108390.52367295117,190.64325773086253,0.13250799028304527,80.0662634623 250.066244528 169.86749201
1.0,53,0.004193252577985609,-108390.52367295117,190.70236592442166,0.11822657247299162,80.0591183351 250.059108237 169.881773428
1.0,54,0.002250954779387706,-108390.52367295117,190.74567605802693,0.08662097307257,80.0433107954 250.043310178 169.913379027
1.0,55,0.0006305593531678773,-108390.52367295117,190.7686013134694,0.04584615590178487,80.0229208562 250.0229253 169.954153844
1.0,56,5.3579022117660545e-06,-108390.52367295117,190.7707167148787,0.004226126855371604,80.002110681 250.002115446 169.995773873
1.0,57,0.0002913142433381052,-108390.52367295117,190.75513716126954,0.031161574042698703,79.984417935 249.984420491 170.031161574
1.0,58,0.0009226695626572609,-108390.52367295117,190.72740835097397,0.05545771837498137,79.9722710474 249.972271234 170.055457718
1.0,59,0.0013251433573151041,-108390.52367295117,190.6941769969696,0.06646154194498877,79.9667697675 249.966768691 170.066461542
1.0,60,0.001250185851426372,-108390.52367295117,190.6618991439947,0.0645544613439597,79.9677233472 249.967722191 170.064554461
1.0,61,0.0008176461634156674,-108390.21262756034,190.6357957284194,0.05220614134310608,79.9738972299 249.973896629 170.052206141
1.0,62,0.00033096886381100364,-108390.21262756034,190.61918825964887,0.03321484210221115,79.9833925825 249.983392575 170.033214842
1.0,63,4.214808752411413e-05,-108390.21262756034,190.6132618987869,0.011852943435144425,79.9940733734 249.994073683 170.011852943
1.0,64,1.8837318442233658e-05,-108390.21262756034,190.6172240887345,0.00792413832274974,80.0039619043 250.003962234 169.992075862
1.0,65,0.00015986549871370827,-108390.21262756034,190.62876631971042,0.023084359190136183,80.0115420842 250.011542275 169.976915641
1.0,66,0.0003047173935504444,-108390.21262756034,190.6447015428372,0.03187049267305042,80.0159352256 250.015935267 169.968129507
1.0,67,0.0003443659511108716,-108390.21262756034,190.66164174526298,0.033880531327326935,80.0169402849 250.016940246 169.966119469
1.0,68,0.0002683601587702618,-108390.21262756034,190.67659608785323,0.029908818312804897,80.0149544316 250.014954387 169.970091182
1.0,69,0.00014015215808732047,-108390.21262756034,190.6874031701407,0.021614264534662198,80.0108071381 250.010807126 169.978385735
1.0,70,3.696106597616819e-05,-108390.21262756034,190.6929530229308,0.011099769216002642,80.0055498722 250.005549897 169.988900231
1.0,71,7.134918997971694e-08,-108390.21262756034,190.69319687022104,0.00048773846751259953,80.0002438469 250.000243892 169.999512262
1.0,72,2.135468655114149e-05,-108390.21262756034,190.6889783990871,0.008436900007950499,79.9957815268 249.995781573 170.0084369
1.0,73,6.279689183663273e-05,-108390.21262756034,190.6817444045944,0.01446793866250573,79.9927660116 249.99276605 170.014467939
1.0,74,8.754385525797208e-05,-108390.21262756034,190.6732031395376,0.01708247109436911,79.9914587497 249.991458779 170.017082471
1.0,75,8.082797676932835e-05,-108390.21262756034,190.664996027911,0.016414159716049426,79.9917929077 249.991792933 170.01641416
1.0,76,5.165282480325098e-05,-108390.07450474231,190.65843523121657,0.013121530752641775,79.9934392218 249.993439247 170.013121531
1.0,77,2.0126759636508908e-05,-108390.07450474231,190.6543398304402,0.00819074204014214,79.9959046146 249.995904643 170.008190742
1.0,78,2.2140983955073455e-06,-108390.07450474231,190.6529814929127,0.0027166183058682236,79.9986416751 249.998641707 170.002716618
1.0,79,1.5840661602341824e-06,-108390.07450474231,190.6541304304356,0.0022979306222623563,80.001148949 250.001148982 169.997702069
1.0,80,1.1139898595937897e-05,-108390.07450474231,190.65717727376006,0.006093742474860164,80.003046855 250.003046887 169.993906258
1.0,81,2.037544629856579e-05,-108390.07450474231,190.6612978977461,0.008241304796342774,80.0041206367 250.004120668 169.991758695
1.0,82,2.248486684056455e-05,-108390.07450474231,190.6656265683193,0.008657398869388544,80.0043286841 250.004328715 169.991342601
1.0,83,1.7151499698946147e-05,-108390.04638261966,190.66940716586987,0.007561254029894826,80.0037806124 250.003780642 169.992438746
1.0,84,8.707681284579061e-06,-108390.04638261966,190.6721009363827,0.0053876009528721625,80.0026937863 250.002693815 169.994612399
1.0,85,2.1518915663336384e-06,-108390.04638261966,190.67344005619563,0.002678299891442748,80.0013391359 250.001339164 169.9973217
1.0,86,2.0099101997002622e-10,-108390.04638261966,190.6734271139583,2.582435391218496e-05,79.9999870737 249.999987102 170.000025824
1.0,87,1.5526964844574246e-06,-108390.04638261966,190.67228961050222,0.002274947187373755,79.9988625121 249.998862541 170.002274947
1.0,88,4.264113912418308e-06,-108390.04638261966,190.6704045565716,0.003770048392254921,79.9981149613 249.99811499 170.003770048
1.0,89,5.7755053282092034e-06,-108390.04638261966,190.6682107195406,0.00438761476630134,79.9978061781 249.997806207 170.004387615
1.0,90,5.219256698410515e-06,-108390.04638261966,190.6661252027576,0.004170974390433457,79.9979144982 249.997914527 170.004170974
1.0,91,3.2577529391857793e-06,-108390.02414346674,190.66447753920144,0.003295268743528368,79.9983523506 249.998352381 170.003295269
1.0,92,1.219701049237585e-06,-108390.02414346674,190.6634693638946,0.002016293013411996,79.9989918381 249.998991869 170.002016293
1.0,93,1.132754013382585e-07,-108390.02414346674,190.66316212454555,0.0006144214859489239,79.9996927737 249.999692805 170.000614421
1.0,94,1.2916388431208511e-07,-108390.02414346674,190.6634902049335,0.0006562179452487271,80.0003280934 250.000328125 169.999343782
1.0,95,7.734493950698063e-07,-108390.02414346674,190.66429303830293,0.001605724055934843,80.0008028466 250.000802877 169.998394276
1.0,96,1.3601888199513058e-06,-108390.02414346674,190.66535769352717,0.0021293680729854714,80.0010646687 250.001064699 169.997870632
1.0,97,1.4662830318625864e-06,-108390.02414346674,190.66646309091615,0.0022108532954803195,80.0011054118 250.001105441 169.997789147
1.0,98,1.0946966507392347e-06,-108390.00907370102,190.66741820719741,0.0019102919832221232,80.0009551316 250.00095516 169.998089708
1.0,99,5.39800406294462e-07,-108390.00907370102,190.66808890337015,0.0013414521338290797,80.0006707118 250.00067074 169.998658548
1.0,100,1.243412664263601e-07,-108390.00907370102,190.66841080022374,0.0006438534746280311,80.0003219125 250.000321941 169.999356147
10.0,1,4440.666666666666,-115399.99999999999,666.6666666666669,58.333333333333314,57.3333333333 308.333333333 134.333333333
10.0,2,2531.109256477473,-115399.99999999999,187.77777812448164,45.15555558691085,68.9722221722 295.155555587 135.872222241
10.0,3,110.15127563654247,-115399.99999999999,180.96296290342252,39.585185205797586,74.4074073572 289.585185206 136.007407437
10.0,4,15.463745032189031,-115399.99999999999,203.66666670405607,36.285185209487565,78.7074073499 286.285185209 135.007407441
10.0,5,3.0148329774724747,-114402.22221772227,208.67901237911667,35.491357987874494,82.0049382071 283.486419781 134.508642012
10.0,6,9.372059311939754,-113784.03292329435,217.51646089100802,35.10637856590958,83.5349793605 281.571399205 134.893621434
10.0,7,4.539003858055147,-112694.08093591906,223.6666667155754,34.10637856131831,83.8349793483 280.271399213 135.893621439
10.0,8,5.705986219252955e-14,-112441.11107154316,223.66666589144756,33.10637862406986,84.1349794891 278.971399135 136.893621376
10.0,9,6.395025638535378e-15,-112441.11100248713,223.666666125622,32.106378666295086,84.4349795817 277.671399085 137.893621334
10.0,10,3.283228357122148e-15,-112441.11100248713,223.6666663070372,31.106378693570775,84.7349796404 276.371399053 138.893621306
10.0,11,6.5551775201908205e-15,-112441.11100248713,223.66666655841527,30.106378700333494,85.0349796517 275.071399049 139.8936213
10.0,12,7.514945113264192e-15,-112441.11100248713,223.6666662391849,29.10637872630457,85.3349797123 273.771399014 140.893621274
10.0,13,2.1525675060044577e-14,-112441.11100248713,223.66666675539193,28.106378721614874,85.6349796949 272.471399027 141.893621278
10.0,14,1.503736692656186e-16,-112441.11100248713,223.66666678337367,27.106378709751368,85.9349796713 271.171399038 142.89362129
10.0,15,1.844635929473784e-19,-112441.11100248713,223.6666667860834,26.106378697646903,86.2349796472 269.871399051 143.893621302
10.0,16,1.1471657470742987e-19,-112441.11100248713,223.66666678626132,25.106378685485367,86.5349796227 268.571399063 144.893621315
10.0,17,2.4387276988601936e-19,-112441.11100248713,223.66666678603224,24.106378673513007,86.8349795985 267.271399075 145.893621326
10.0,18,6.428272205946611e-18,-112441.11100248713,223.6666667648882,23.106378662322868,87.1349795747 265.971399088 146.893621338
10.0,19,1.3821459989257977e-17,-112441.11100248713,223.66666674309272,22.106378652236515,87.4349795521 264.6713991 147.893621348
10.0,20,4.107645200235617e-15,-112441.11100248713,223.6666665667383,21.10637866012567,87.7349795667 263.371399093 148.89362134
10.0,21,8.984546904633496e-17,-112441.11100248713,223.66666652623394,20.10637867024002,88.0349795866 262.071399084 149.89362133
10.0,22,4.727425648388683e-16,-112441.11100248713,223.66666643909014,19.106378686842817,88.3349796164 260.77139907 150.893621313
10.0,23,5.699034716635771e-16,-112441.11100248713,223.66666650687023,18.106378686013187,88.634979624 259.471399062 151.893621314
10.0,24,3.300492938099218e-16,-112441.11100248713,223.66666648897763,17.10637868805557,88.934979636 258.171399052 152.893621312
10.0,25,6.2261427002763594e-15,-112441.11100248713,223.6666655903548,16.10637871949325,89.234979634 256.871399086 153.893621281
10.0,26,6.80489574645742e-15,-112441.11093674798,223.6666665414981,15.106378722897574,89.5349796491 255.571399074 154.893621277
10.0,27,5.198797783165852e-15,-112441.11093674798,223.66666686248777,14.106378702566133,89.8349796078 254.271399095 155.893621297
10.0,28,2.5282341522486024e-14,-112441.11093674798,223.66666502784767,13.106378730303334,90.1349795223 252.971399208 156.89362127
10.0,29,2.266996532161753e-14,-112441.11084392369,223.66666676567746,12.10637871483354,90.4349794823 251.671399233 157.893621285
10.0,30,1.7993829528239572e-16,-112441.11084392369,223.66666688034684,11.106378692377575,90.7349794364 250.371399256 158.893621308
10.0,31,0.28743313283144956,-112441.11084392369,217.47599505382595,10.880212638731308,90.8802126387 249.380932833 159.738854528
10.0,32,0.8635328186545417,-111667.27709920295,206.74577095758536,10.757190217836282,90.7571902178 248.926977636 160.315832147
10.0,33,0.7772201746481269,-110325.99908716857,196.56592043908375,10.37967154372366,90.3796715437 248.982014957 160.638313499
10.0,34,0.3090894500731273,-109053.51778235736,190.14626883729022,9.841661601874165,89.8416616019 249.358034844 160.800303555
10.0,35,0.023575621863100884,-108732.62848407208,188.37330063290153,9.259327393846348,89.2593273938 249.822703184 160.917969423
10.0,36,0.027527461663035702,-108732.62848407208,190.28911070248142,8.916469461339545,88.7248884491 250.191581012 161.083530539
10.0,37,0.1047046984544249,-108726.37916379055,194.0255028755368,8.657498543749114,88.2838593166 250.373639227 161.342501456
10.0,38,0.10293320733720385,-108726.37916379055,197.7301523412288,8.305911391468186,87.9354464263 250.370464965 161.694088609
10.0,39,0.044967478806292385,-108726.37916379055,200.1787568092479,7.893109128677395,87.648248652 250.244860477 162.106890871
10.0,40,0.004740656253365171,-108726.37916379055,200.97379611512764,7.460430906412057,87.3809269384 250.079503968 162.539569094
10.0,41,0.0024568887261456063,-108726.37916379055,200.40144555271127,7.099296471406262,87.0992964714 249.942764981 162.957938548
10.0,42,0.012541977068454922,-108726.37916379055,199.10828523393775,6.785337017012324,86.785337017 249.870683996 163.343978987
10.0,43,0.01352025597354734,-108726.37916379055,197.76563829842019,6.43781142785258,86.4378114279 249.865735332 163.69645324
10.0,44,0.0064601238389593914,-108726.37916379055,196.8375489474198,6.067083670478652,86.0670836705 249.907191093 164.025725237
10.0,45,0.000879051233768838,-108726.37916379055,196.49519411527933,5.687797146010951,85.687797146 249.965764526 164.346438328
10.0,46,0.00019744851354998788,-108726.37916379055,196.65744844943958,5.328792124792869,85.3125666826 250.016225442 164.671207875
10.0,47,0.0014823563023160765,-108726.37916379055,197.10202409917514,4.99290818718805,84.9484506122 250.044457575 165.007091813
10.0,48,0.0017612639290430594,-108726.37916379055,197.5866220665634,4.644909300809957,84.5964494926 250.048459808 165.355090699
10.0,49,0.0009174214678862515,-108726.37916379055,197.93636892242404,4.288166743741442,84.2531920457 250.034974698 165.711833256
10.0,50,0.00015393391979091187,-108726.37916379055,198.0796327448573,3.9278425914922366,83.913516196 250.014326395 166.072157409
10.0,51,1.3322232809006074e-05,-108726.37916379055,198.03748659696737,3.572786694258653,83.5727866943 249.995785399 166.431427907
10.0,52,0.00017260593757126226,-108726.37916379055,197.88578252578134,3.2282645927029563,83.2282645927 249.984829605 166.786905802
10.0,53,0.0002275261556930046,-108726.37916379055,197.71160784192716,2.879388126956286,82.879388127 249.982582543 167.138029329
10.0,54,0.00012889799170805576,-108726.37916379055,197.58051093503013,2.5272342471082823,82.5272342471 249.986890322 167.485875431
10.0,55,2.5824612140197715e-05,-108726.37916379055,197.52183145203077,2.1736133957548702,82.1736133958 249.994132063 167.832254541
10.0,56,6.29073955105309e-07,-108726.37916379055,197.5309898631818,1.8211374047736513,81.8202215521 250.000915853 168.178862595
10.0,57,1.976070366762915e-05,-108726.37916379055,197.58231978338955,1.473246173495454,81.4681131706 250.005133004 168.526753827
10.0,58,2.913754367680647e-05,-108726.37916379055,197.64464959362243,1.1237970324828268,81.1175640379 250.006232994 168.876202968
10.0,59,1.79283367439106e-05,-108726.37916379055,197.69354176226443,0.7731251577977787,80.768235923 250.004889234 169.226874842
10.0,60,4.189563187815968e-06,-108726.37916379055,197.71717666206342,0.42186252518064293,80.4194990251 250.0023635 169.578137475
10.0,61,1.0113465299467703e-08,-108726.37916379055,197.71603721412617,0.0707466471324949,80.0707466471 249.999886067 169.929367285
10.0,62,0.025885833041843574,-108726.37916379055,197.2354083279788,0.23382989770351514,79.8142329763 249.951937126 170.233829898
10.0,63,0.07535419609841995,-108726.37916379055,195.85819493546353,0.4485770864237111,79.6891442366 249.862278677 170.448577086
10.0,64,0.0971040537490988,-108726.37916379055,193.61575466775747,0.5527701423695248,79.671473869 249.775755989 170.552770142
10.0,65,0.09007372949889939,-108726.37916379055,190.96698232000847,0.5474693197946863,79.717407901 249.735122779 170.54746932
10.0,66,0.06183148074992031,-108469.89360243682,188.53581586732048,0.45180707496533046,79.791309555 249.75688337 170.451807075
10.0,67,0.027361560582329938,-108469.89360243682,186.83546085311974,0.2967873543479129,79.8732481351 249.829964511 170.296787354
10.0,68,0.0045269338662668355,-108469.89360243682,186.11440962716642,0.11813969104065336,79.9539654206 249.927894888 170.118139691
10.0,69,0.0007725593032200057,-108469.89360243682,186.3443825087063,0.050423313635235445,80.0274260186 250.022997295 169.949576686
10.0,70,0.010027660418761238,-108469.89360243682,187.29985813748982,0.18248860317612525,80.0869410341 250.095547569 169.817511397
10.0,71,0.02067190501799896,-108469.89360243682,188.66460373742314,0.2621282514348877,80.1256536859 250.136474566 169.737871749
10.0,72,0.024355660400162325,-108469.89360243682,190.12122449274187,0.28480660248027334,80.1391445211 250.145662082 169.715193398
10.0,73,0.019697868566251536,-108415.45132205996,191.4079469085192,0.25623750737179307,80.1275652592 250.128672248 169.743762493
10.0,74,0.010800778754664373,-108415.45132205996,192.34580528506712,0.18972377843110166,80.0959379333 250.093785845 169.810276222
10.0,75,0.003166256738243415,-108415.45132205996,192.84565087011543,0.10267520746964465,80.0526906405 250.049984567 169.897324793
10.0,76,5.2194265475436395e-05,-108415.45132205996,192.90260995308586,0.0130223684390387,80.0073264517 250.005695917 169.986977632
10.0,77,0.0012234420431582545,-108415.45132205996,192.58192761291724,0.06385860743273497,79.9682096176 249.967931775 170.063858607
10.0,78,0.004126753450183874,-108415.45132205996,191.99819921245194,0.1172829311936141,79.9410898996 249.941627169 170.117282931
10.0,79,0.006071275832620371,-108415.45132205996,191.29029959765745,0.14225601648016095,79.9285339347 249.929210048 170.142256016
10.0,80,0.005826251979441487,-108415.45132205996,190.59554882796164,0.13935756635152075,79.9301175016 249.930524932 170.139357566
10.0,81,0.003879400975333434,-108393.24207186737,190.02731586549174,0.1137159158797374,79.9431073716 249.943176713 170.113715916
10.0,82,0.0016160691391082056,-108393.24207186737,189.65966772709322,0.07339520937773614,79.9633695954 249.963235195 170.073395209
10.0,83,0.00022791575644536054,-108393.24207186737,189.52101179620826,0.02756207534650912,79.9863035103 249.986134415 170.027562075
10.0,84,6.955291492471794e-05,-108393.24207186737,189.5966315783869,0.015225893993260797,80.0076639079 250.007561986 169.984774106
10.0,85,0.0007011666608241838,-108393.24207186737,189.8382689701694,0.04834489915754148,80.0241811523 250.024163747 169.951655101
10.0,86,0.0013825739421071477,-108393.24207186737,190.17786948555738,0.06788660261440782,80.0339265436 250.033960059 169.932113397
10.0,87,0.0015924359388318104,-108393.24207186737,190.54236495202218,0.07285694163289236,80.0364073869 250.036449554 169.927143058
10.0,88,0.0012618885727533474,-108393.24207186737,190.86677205705257,0.06485609009322957,80.0324153718 250.032440718 169.93514391
10.0,89,0.0006734374974272602,-108393.24207186737,191.103689896581,0.047379392401410314,80.0236876011 250.023691792 169.952620608
10.0,90,0.00018628351882273809,-108393.24207186737,191.2282417177903,0.024918941619432644,80.0124637519 250.01245519 169.975081058
10.0,91,1.2590794421125854e-06,-108393.24207186737,191.23843180566496,0.0020487716974457726,80.0010297541 250.001019017 169.997951228
10.0,92,9.032031921807687e-05,-108393.24207186737,191.1516433855914,0.01735113822289236,79.9913276955 249.991321166 170.017351138
10.0,93,0.0002813855170255105,-108393.24207186737,190.99850792382682,0.03062584844428784,79.984687689 249.984686462 170.030625848
10.0,94,0.00040151474809494705,-108393.24207186737,190.81559885085454,0.03658377680164904,79.9817071218 249.981709101 170.036583777
10.0,95,0.0003770431080754212,-108393.24207186737,190.63835446840045,0.03545140071366859,79.9822730288 249.98227557 170.035451401
10.0,96,0.0002453756341565924,-108391.26257771332,190.4953660687599,0.028599169224975185,79.9856996634 249.985701168 170.028599169
10.0,97,9.852788626607596e-05,-108391.26257771332,190.40475478793525,0.018122430046105364,79.9909386902 249.990938879 170.01812243
10.0,98,1.2178789468857694e-05,-108391.26257771332,190.3728947090022,0.006371391808698945,79.9968146073 249.996814 170.006371392
10.0,99,6.02905472774444e-06,-108391.26257771332,190.39530617816183,0.0044830560172499645,80.002241901 250.002241155 169.995516944
10.0,100,4.9007433380394566e-05,-108391.26257771332,190.45921001144762,0.012781271351769874,80.0063908805 250.006390391 169.987218729
100.0,1,4440.666666666666,-115399.99999999999,6666.666666666669,58.333333333333314,57.3333333333 308.333333333 134.333333333
100.0,2,4210.819303705227,-115399.99999999999,228.55555555153478,56.607777777815215,58.8211111111 306.607777778 134.571111111
100.0,3,4.2143787844596885e-16,-115399.99999999999,228.55555496210263,54.88222222810606,60.308888877 304.882222228 134.808888895
100.0,4,2.1128956620988687e-16,-115399.99999999999,228.55555534330597,53.15666667459425,61.796666651 303.156666675 135.046666674
100.0,5,5.744640401762566e-16,-115399.99999999999,228.55555382622902,51.431111136295044,63.2844444159 301.431111136 135.284444448
100.0,6,0.028899184389052576,-115399.99999999999,218.7407376319502,49.803703759895825,64.7231481065 299.80370376 135.473148143
100.0,7,1.0681682561343213,-115399.99999999999,201.32091644762772,48.81117324979789,65.8039498583 298.81117325 135.384876892
100.0,8,0.5684020518387621,-115399.99999999999,235.66665958952603,48.321173280672156,66.5539498392 298.321173281 135.124876929
100.0,9,0.030795041761561594,-113087.77765136785,225.5350133844329,47.88183139675823,67.202633439 297.881831397 134.915535164
100.0,10,0.1434667392846523,-112851.371798933,203.66671912785796,47.55183107779658,67.6326340349 297.551831078 134.815534887
100.0,11,6.192267880042883e-13,-112851.371798933,203.6666744531201,47.221830998127814,68.0626341688 297.221830998 134.715534833
100.0,12,4.355382564907526e-14,-112851.371798933,203.66666298382916,46.891830986847026,68.4926341766 296.891830987 134.615534837
100.0,13,3.719935621794471e-17,-112851.371798933,203.66666326477207,46.561830979986325,68.9226341817 296.56183098 134.515534838
100.0,14,1.4194062783506614e-17,-112851.371798933,203.6666634835965,46.23183097523048,69.3526341858 296.231830975 134.415534839
100.0,15,5.278072139184663e-18,-112851.371798933,203.66666360213776,45.90183097195683,69.7826341891 295.901830972 134.315534839
100.0,16,2.8656461957003833e-18,-112851.371798933,203.6666636256425,45.571830969892915,70.2126341912 295.57183097 134.215534839
100.0,17,3.2686565797531248e-18,-112851.371798933,203.66666360706608,45.24183096875743,70.6426341921 295.241830969 134.115534839
100.0,18,5.158498843384771e-19,-112851.371798933,203.66666361302327,44.91183096802695,71.0726341924 294.911830968 134.01553484
100.0,19,1.4468566817936936e-19,-112851.371798933,203.66666363652234,44.58183096752299,71.5026341927 294.581830968 133.91553484
100.0,20,5.0263238276537017e-20,-112851.371798933,203.6666636538596,44.251830967208036,71.932634193 294.251830967 133.81553484
100.0,21,3.344498469454717e-20,-112851.371798933,203.66666365608785,43.92183096699512,72.3626341931 293.921830967 133.71553484
100.0,22,3.6273837645579345e-20,-112851.371798933,203.66666365278525,43.591830966902194,72.7926341931 293.591830967 133.61553484
100.0,23,5.564290567182628e-21,-112851.371798933,203.66666365615038,43.261830966841785,73.2226341931 293.261830967 133.51553484
100.0,24,1.94133406336383e-21,-112851.371798933,203.66666365750893,42.93183096680184,73.6526341931 292.931830967 133.41553484
100.0,25,1.7472961920799644e-21,-112851.371798933,203.66666365776473,42.60183096677031,74.0826341931 292.601830967 133.31553484
100.0,26,1.0193356920542808e-20,-112851.371798933,203.66666366059553,42.27183096677277,74.5126341931 292.271830967 133.21553484
100.0,27,5.209248667425468e-22,-112851.371798933,203.66666366107302,41.94183096678353,74.942634193 291.941830967 133.11553484
100.0,28,6.385518010411783e-21,-112851.371798933,203.66666365852643,41.611830966771436,75.372634193 291.611830967 133.01553484
100.0,29,3.8994982092724435e-16,-112851.371798933,203.66666373546968,41.28183096752991,75.8026341826 291.281830968 132.91553485
100.0,30,1.0922896038423946e-17,-112851.371798933,203.6666638599454,40.95183096953372,76.232634173 290.95183097 132.815534857
100.0,31,4.6036788840003474e-17,-112851.371798933,203.6666641215843,40.62183097415368,76.6626341591 290.621830974 132.715534867
100.0,32,4.456517056136834e-17,-112851.371798933,203.6666640745634,40.291830978304404,77.0926341487 290.291830978 132.615534873
100.0,33,1.879711385535505e-16,-112851.371798933,203.66666379858862,39.96183097969225,77.5226341457 289.96183098 132.515534875
100.0,34,1.7852039999051505e-17,-112851.371798933,203.66666369948211,39.63183098008858,77.9526341447 289.63183098 132.415534875
100.0,35,7.24555629550347e-17,-112851.371798933,203.66666397536028,39.301830983248294,78.3826341385 289.301830983 132.315534878
100.0,36,5.6093616797476796e-14,-112851.371798933,203.66667072004793,38.9718310537628,78.812633996 288.971831054 132.21553495
100.0,37,5.833621090712328e-14,-112851.371798933,203.6666637574681,38.64183105468334,79.2426339928 288.641831055 132.115534953
100.0,38,6.942631069967929e-18,-112851.371798933,203.6666636756363,38.31183105477851,79.6726339914 288.311831055 132.015534953
100.0,39,0.0035113827989292235,-112851.371798933,205.37726378464617,38.067359044531315,80.0684219918 287.998937056 131.932640955
100.0,40,0.07183033948411092,-112851.371798933,213.11409881940313,38.072884694349455,80.309473289 287.763411406 131.927115306
100.0,41,0.1010257745072009,-112851.371798933,222.28950862929628,37.986656245062534,80.3670163905 287.619639854 132.013343755
100.0,42,0.0022758188603520576,-112312.57661917209,223.6666490249545,37.886656391489936,80.397016684 287.489639707 132.113343609
100.0,43,1.324517350105791e-13,-112312.57661917209,223.66665952509925,37.78665643275423,80.4270167676 287.359639665 132.213343567
100.0,44,1.3010823454372602e-14,-112312.57661917209,223.66666281754965,37.68665644110365,80.4570167853 287.229639656 132.313343559
100.0,45,7.14858310640717e-15,-112312.57661917209,223.66666035136382,37.58665647415245,80.4870168515 287.099639622 132.413343526
100.0,46,2.2640674073752234e-16,-112312.57661917209,223.66666078183903,37.48665650242344,80.5170169094 286.969639593 132.513343498
100.0,47,3.2864460664261194e-16,-112312.57661917209,223.6666612887459,37.38665652573877,80.5470169565 286.839639569 132.613343474
100.0,48,6.190610767667389e-16,-112312.57661917209,223.66666199932274,37.28665654169018,80.5770169895 286.709639552 132.713343458
100.0,49,3.0995720352545086e-15,-112312.57661917209,223.66666364422917,37.18665654131593,80.6070169906 286.579639552 132.813343459
100.0,50,1.5725001159450051e-13,-112312.57661917209,223.6666521581069,37.08665665607353,80.6370172198 286.449639436 132.913343344
100.0,51,3.062835201591047e-14,-112312.57661917209,223.666657216472,36.98665671960936,80.6670173486 286.319639371 133.01334328
100.0,52,1.0605083797159326e-14,-112312.57661917209,223.66665427203407,36.88665681312824,80.6970175368 286.189639277 133.113343187
100.0,53,1.0625511452336987e-13,-112312.57661917209,223.66666368184246,36.78665681293714,80.7270175364 286.059639276 133.213343187
100.0,54,1.2612597342770504e-20,-112312.57661917209,223.6666636861455,36.686656812410746,80.7570175363 285.929639276 133.313343188
100.0,55,1.2891775029798594e-13,-112312.57661917209,223.6666532902857,36.586656915432116,80.7870177434 285.799639172 133.413343085
100.0,56,2.4150729354171913e-15,-112312.57661917209,223.66665470570956,36.48665700421563,80.8170179221 285.669639082 133.513342996
100.0,57,3.1605258006596645e-15,-112312.57661917209,223.6666530437103,36.38665710891769,80.8470181333 285.539638975 133.613342891
100.0,58,1.3420557276481179e-13,-112312.57661917209,223.66666368079655,36.286657108274255,80.8770181331 285.409638975 133.713342892
100.0,59,7.216420522294094e-14,-112312.57661917209,223.6666558776276,36.186657184726386,80.9070182878 285.279638897 133.813342815
100.0,60,1.228673297873768e-15,-112312.57661917209,223.66665689386286,36.086657251152644,80.9370184223 285.149638829 133.913342749
100.0,61,6.660950015429837e-16,-112312.57661917209,223.66665764682216,35.98665731002623,80.967018542 285.019638768 134.01334269
100.0,62,2.6559965697474552e-16,-112312.57661917209,223.66665811768462,35.88665736429351,80.9970186521 284.889638712 134.113342636
100.0,63,9.017163675998537e-17,-112312.57661917209,223.66665838973154,35.78665741575185,81.0270187568 284.759638659 134.213342584
100.0,64,1.706383011789016e-17,-112312.57661917209,223.66665850253162,35.686657466006125,81.0570188591 284.629638607 134.313342534
100.0,65,1.0457379266505546e-19,-112312.57661917209,223.66665849580136,35.58665751617619,81.0870189617 284.499638555 134.413342484
100.0,66,1.5725371397420557e-17,-112312.57661917209,223.6666585848409,35.48665756507839,81.1170190619 284.369638503 134.513342435
100.0,67,9.658466970030953e-17,-112312.57661917209,223.6666582918699,35.386657616711204,81.1470191678 284.239638449 134.613342383
100.0,68,3.7652637850960844e-17,-112312.57661917209,223.6666581061852,35.28665766997463,81.1770192772 284.109638393 134.71334233
100.0,69,3.6243821491389074e-14,-112312.57661917209,223.66666371049155,35.18665766940185,81.2070192767 283.979638393 134.813342331
100.0,70,3.1384220641058766e-22,-112312.57661917209,223.6666637097071,35.08665766882464,81.2370192762 283.849638393 134.913342331
100.0,71,1.3046305680515684e-21,-112312.57661917209,223.66666370777443,34.98665766825903,81.2670192758 283.719638392 135.013342332
100.0,72,1.5554448833495613e-22,-112312.57661917209,223.6666637072742,34.88665766767059,81.2970192753 283.589638392 135.113342332
100.0,73,7.254033352469323e-23,-112312.57661917209,223.666663706882,34.78665766709622,81.3270192749 283.459638392 135.213342333
100.0,74,6.744736606806837e-21,-112312.57661917209,223.66666371115093,34.686657666540555,81.3570192745 283.329638392 135.313342333
100.0,75,1.572693349340687e-20,-112312.57661917209,223.66666369741188,34.586657666004015,81.3870192741 283.199638392 135.413342334
100.0,76,3.4912340773210933e-19,-112312.57661917209,223.66666373878252,34.48665766548436,81.4170192738 283.069638392 135.513342335
100.0,77,2.1898781987036006e-19,-112312.57661917209,223.66666371087808,34.38665766485508,81.4470192732 282.939638392 135.613342335
100.0,78,1.1969124200786578e-20,-112312.57661917209,223.66666370803023,34.286657664253084,81.4770192728 282.809638391 135.713342336
100.0,79,7.304917844448727e-20,-112312.57661917209,223.66666370084522,34.18665766372453,81.5070192725 282.679638391 135.813342336
100.0,80,5.477620739408145e-20,-112312.57661917209,223.66666369362042,34.086657663272916,81.5370192723 282.549638391 135.913342337
100.0,81,4.9186319397033296e-21,-112312.57661917209,223.66666369630912,33.986657662777986,81.5670192721 282.419638391 136.013342337
100.0,82,3.5945023120037666e-21,-112312.57661917209,223.6666636989239,33.886657662271574,81.5970192719 282.28963839 136.113342338
100.0,83,1.827255570988015e-21,-112312.57661917209,223.66666370049848,33.786657661760444,81.6270192716 282.15963839 136.213342338
100.0,84,1.6356497641858331e-21,-112312.57661917209,223.66666369900918,33.68665766125639,81.6570192713 282.02963839 136.313342339
100.0,85,1.1794135596229405e-19,-112312.57661917209,223.6666637090534,33.586657660640526,81.6870192709 281.89963839 136.413342339
100.0,86,3.584302693067493e-20,-112312.57661917209,223.666663714715,33.486657659968444,81.7170192703 281.76963839 136.51334234
100.0,87,2.221465297603054e-15,-112312.57661917209,223.66666228087956,33.38665767216733,81.7470192969 281.639638375 136.613342328
100.0,88,2.2218647845754076e-15,-112312.57661917209,223.666663713851,33.2866576714859,81.7770192964 281.509638375 136.713342329
100.0,89,1.7472258265286704e-20,-112312.57661917209,223.6666637092012,33.18665767084224,81.8070192959 281.379638375 136.813342329
100.0,90,1.399675930090741e-17,-112312.57661917209,223.6666635962988,33.08665767125035,81.8370192975 281.249638374 136.913342329
100.0,91,4.567858406633826e-17,-112312.57661917209,223.66666339829612,32.98665767343152,81.8670193031 281.11963837 137.013342327
100.0,92,9.778424415575508e-17,-112312.57661917209,223.6666636946493,32.88665767299469,81.8970193029 280.98963837 137.113342327
100.0,93,1.6101985648855386e-16,-112312.57661917209,223.66666332095497,32.78665767612719,81.9270193101 280.859638366 137.213342324
100.0,94,2.356286200335423e-16,-112312.57661917209,223.66666286542886,32.68665768350547,81.9570193261 280.729638357 137.313342316
100.0,95,4.356728395995984e-16,-112312.57661917209,223.6666634689127,32.586657684898796,81.9870193301 280.599638355 137.413342315
100.0,96,2.782038431041269e-17,-112312.57661917209,223.6666636356856,32.48665768493095,82.017019331 280.469638354 137.513342315
100.0,97,2.1135932014475824e-19,-112312.57661917209,223.66666362107117,32.38665768509637,82.0470193322 280.339638353 137.613342315
100.0,98,1.636265792945277e-18,-112312.57661917209,223.66666358176963,32.2866576855983,82.0770193341 280.209638351 137.713342314
100.0,99,1.8439405881761307e-18,-112312.57661917209,223.66666362140086,32.18665768570415,82.1070193352 280.07963835 137.813342314
100.0,100,5.884723273866052e-19,-112312.57661917209,223.66666364292746,32.0866576855982,82.1370193359 279.94963835 137.913342314
1000.0,1,4440.666666666666,-115399.99999999999,66666.66666666669,58.333333333333314,57.3333333333 308.333333333 134.333333333
1000.0,2,4417.319993043641,-115399.99999999999,228.55555553911836,58.160777777787416,57.482111111 308.160777778 134.357111111
1000.0,3,4.5889946814624286e-20,-115399.99999999999,228.5555555296255,57.988222222252546,57.6308888887 307.988222222 134.380888889
1000.0,4,1.5811524087466487e-22,-115399.99999999999,228.55555553297927,57.81566666671375,57.7796666665 307.815666667 134.404666667
1000.0,5,1.1097770945296094e-23,-115399.99999999999,228.55555553252452,57.64311111117422,57.9284444442 307.643111111 134.428444445
1000.0,6,2.3579561535293542e-23,-115399.99999999999,228.55555553076238,57.47055555563935,58.077222222 307.470555556 134.452222222
1000.0,7,2.7945009237526065e-22,-115399.99999999999,228.55555552985288,57.298000000105446,58.2259999997 307.298 134.476
1000.0,8,3.152017566418236e-22,-115399.99999999999,228.55555553468457,57.12544444456796,58.3747777774 307.125444445 134.499777778
1000.0,9,9.942434293590714e-23,-115399.99999999999,228.55555553098975,56.95288888903394,58.5235555552 306.952888889 134.523555556
1000.0,10,8.708770275247034e-23,-115399.99999999999,228.5555555313308,56.78033333350112,58.6723333329 306.780333334 134.547333334
1000.0,11,3.118171689124491e-22,-115399.99999999999,228.5555555245096,56.60777777797017,58.8211111107 306.607777778 134.571111111
1000.0,12,7.932482340314888e-24,-115399.99999999999,228.55555552519172,56.43522222243905,58.9698888884 306.435222222 134.594888889
1000.0,13,7.097780833072939e-23,-115399.99999999999,228.55555552183796,56.26266666691362,59.1186666661 306.262666667 134.618666667
1000.0,14,1.805601671513093e-21,-115399.99999999999,228.55555553587828,56.09011111137352,59.2674444439 306.090111111 134.642444445
1000.0,15,1.2208285151455543e-23,-115399.99999999999,228.55555553388876,55.91755555583728,59.4162222216 305.917555556 134.666222223
1000.0,16,1.1625610188391048e-22,-115399.99999999999,228.55555553332033,55.74500000029906,59.5649999994 305.745 134.69
1000.0,17,2.205195422800291e-21,-115399.99999999999,228.55555554787225,55.572444444753614,59.7137777771 305.572444445 134.713777778
1000.0,18,1.7002388509988127e-23,-115399.99999999999,228.55555554804278,55.39988888920578,59.8625555549 305.399888889 134.737555556
1000.0,19,9.605045847129468e-23,-115399.99999999999,228.55555554474586,55.2273333336625,60.0113333327 305.227333334 134.761333334
1000.0,20,7.710919696053056e-18,-115399.99999999999,228.55555474439052,55.054777778915195,60.1601111088 305.054777779 134.785111112
1000.0,21,7.76501220339721e-18,-115399.99999999999,228.5555555421879,54.882222223366966,60.3088888866 304.882222223 134.80888889
1000.0,22,2.829525506492787e-22,-115399.99999999999,228.55555553752674,54.7096666678226,60.4576666644 304.709666668 134.832666668
1000.0,23,1.966326388531582e-22,-115399.99999999999,228.55555554241528,54.537111112277614,60.6064444421 304.537111112 134.856444446
1000.0,24,1.1969078408988752e-20,-115399.99999999999,228.55555551524412,54.364555556758205,60.7552222198 304.364555557 134.880222223
1000.0,25,1.4420190881758391e-21,-115399.99999999999,228.55555552990973,54.192000001230156,60.9039999976 304.192000001 134.904000001
1000.0,26,8.648409583860236e-22,-115399.99999999999,228.55555553906152,54.01944444569227,61.0527777753 304.019444446 134.927777779
1000.0,27,8.539557335960204e-18,-115399.99999999999,228.5555538670692,53.8468888918228,61.2015555521 303.846888892 134.951555556
1000.0,28,3.324554179572751e-19,-115399.99999999999,228.55555353476257,53.674333338285805,61.3503333288 303.674333338 134.975333333
1000.0,29,1.0006478742420212e-20,-115399.99999999999,228.5555535909807,53.501777784689125,61.4991111055 303.501777785 134.99911111
1000.0,30,7.366239465185023e-20,-115399.99999999999,228.55555375548556,53.329222230927144,61.6478888823 303.329222231 135.022888887
1000.0,31,1.1270033495634506e-19,-115399.99999999999,228.5555535613653,53.156666677363035,61.796666659 303.156666677 135.046666664
1000.0,32,7.419477577654276e-19,-115399.99999999999,228.55555306483802,52.984111124292895,61.9454444354 302.984111124 135.07044444
1000.0,33,1.0822038133796561e-19,-115399.99999999999,228.55555282279875,52.811555571466386,62.0942222117 302.811555571 135.094222217
1000.0,34,6.234102501675562e-20,-115399.99999999999,228.55555288043797,52.63900001859571,62.242999988 302.639000019 135.117999993
1000.0,35,1.3988767329215703e-19,-115399.99999999999,228.5555528456498,52.466444465777556,62.3917777643 302.466444466 135.14177777
1000.0,36,1.146640393311035e-19,-115399.99999999999,228.55555308723433,52.29388891269514,62.5405555408 302.293888913 135.165555547
1000.0,37,3.9576342284039084e-18,-115399.99999999999,228.55555277624399,52.12133335993144,62.6893333163 302.12133336 135.189333324
1000.0,38,3.869711496533417e-18,-115399.99999999999,228.55555314981893,51.94877780680741,62.8381110928 301.948777807 135.2131111
1000.0,39,5.742642168998324e-19,-115399.99999999999,228.5555526763701,51.77622225421618,62.9868888692 301.776222254 135.236888877
1000.0,40,2.83442656612879e-18,-115399.99999999999,228.55555165580336,51.603666702543194,63.1356666442 301.603666703 135.260666653
1000.0,41,5.639972281534143e-18,-115399.99999999999,228.55555140927345,51.43111115119905,63.2844444198 301.431111151 135.284444429
1000.0,42,3.774970987681548e-18,-115399.99999999999,228.55554996658748,51.258555601411445,63.4332221944 301.258555601 135.308222204
1000.0,43,3.013024627872122e-17,-115399.99999999999,228.55555344807635,51.086000048007804,63.5819999712 301.086000048 135.331999981
1000.0,44,3.2955382447454587e-19,-115399.99999999999,228.55555375076756,50.913444494099394,63.730777748 300.913444494 135.355777758
1000.0,45,2.5737496781730926e-19,-115399.99999999999,228.55555367505212,50.740888940332866,63.8795555251 300.74088894 135.379555535
1000.0,46,7.584067891125855e-18,-115399.99999999999,228.55555521494034,50.568333384673,64.0283333026 300.568333385 135.403333313
1000.0,47,9.460218146970018e-17,-115399.99999999999,228.55554975444784,50.39577783462994,64.1771110773 300.395777835 135.427111088
1000.0,48,1.2941123008143685e-14,-115399.99999999999,228.55548369034432,50.223222351017625,64.32588882 300.223222351 135.45088883
1000.0,49,1.287120115368984e-14,-115399.99999999999,228.55555287805055,50.05066679716475,64.4746665884 300.050666797 135.4746666
1000.0,50,0.004952301061848215,-115399.99999999999,187.92592157638092,49.91874088461202,64.6031295508 299.918740885 135.478129563
1000.0,51,0.015149283703150926,-115399.99999999999,247.80241689552577,49.85787664005744,64.6960616738 299.85787664 135.446061686
1000.0,52,4.47971628779009e-05,-112967.9693704087,251.66666183838652,49.80087663996795,64.7870616741 299.80087664 135.412061686
1000.0,53,2.1898975709618188e-14,-112967.9693704087,251.66657682820096,49.74387655452762,64.8780617172 299.743876555 135.37806173
1000.0,54,7.620638661596735e-15,-112967.9693704087,251.66662710415858,49.68687651867913,64.9690617343 299.686876519 135.344061747
1000.0,55,1.2198897178032338e-15,-112967.9693704087,251.66664732143,49.629876503734295,65.060061742 299.629876504 135.310061754
1000.0,56,1.1914823236031879e-16,-112967.9693704087,251.66665289930415,49.57287649542002,65.1510617454 299.572876495 135.276061759
1000.0,57,5.908817729045712e-17,-112967.9693704087,251.6666561041361,49.51587649249717,65.2420617452 299.515876492 135.242061762
1000.0,58,9.92202531594918e-18,-112967.9693704087,251.666657802788,49.45887649142577,65.3330617438 299.458876491 135.208061765
1000.0,59,1.9174866246512826e-17,-112967.9693704087,251.66666058550072,49.401876489594656,65.4240617448 299.40187649 135.174061766
1000.0,60,4.591890442002443e-19,-112967.9693704087,251.66666091706838,49.34487648813695,65.5150617454 299.344876488 135.140061766
1000.0,61,2.426473106942513e-19,-112967.9693704087,251.66666098977112,49.28787648708976,65.6060617457 299.287876487 135.106061767
1000.0,62,3.8342901892405543e-19,-112967.9693704087,251.66666146219677,49.23087648616007,65.6970617462 299.230876486 135.072061768
1000.0,63,9.305101634795609e-20,-112967.9693704087,251.66666158969656,49.17387648537692,65.7880617464 299.173876485 135.038061768
1000.0,64,2.12160289141802e-18,-112967.9693704087,251.666660821003,49.11687648526822,65.8790617458 299.116876485 135.004061769
1000.0,65,2.9922349715215013e-15,-112967.9693704087,251.66662691805323,49.05987650218401,65.9700617147 299.059876502 134.970061787
1000.0,66,0.0007679912675716029,-112967.9693704087,235.6667249898137,49.01087646779155,66.0450617686 299.010876468 134.944061753
1000.0,67,6.113513645534349e-15,-112967.9693704087,235.66667985994764,48.9618764643194,66.1200617856 298.961876464 134.91806175
1000.0,68,2.5430647063870106e-16,-112967.9693704087,235.66667063744399,48.9128764619619,66.1950617898 298.912876462 134.892061748
1000.0,69,5.190822429507811e-17,-112967.9693704087,235.66666644160387,48.86387646159727,66.2700617898 298.863876462 134.866061749
1000.0,70,1.4454300941206594e-19,-112967.9693704087,235.6666666711376,48.814876461465246,66.3450617898 298.814876461 134.840061749
1000.0,71,1.2532664284469509e-20,-112967.9693704087,235.66666662486705,48.76587646142468,66.4200617898 298.765876461 134.814061749
1000.0,72,1.0017602541147396e-19,-112967.9693704087,235.66666656478355,48.71687646137519,66.4950617895 298.716876461 134.788061749
1000.0,73,1.3384857349713332e-21,-112967.9693704087,235.66666658411032,48.66787646148475,66.5700617893 298.667876461 134.762061749
1000.0,74,1.4191935002206166e-18,-112967.9693704087,235.66666727686106,48.618876461219315,66.6450617897 298.618876461 134.736061749
1000.0,75,5.163147679206676e-19,-112967.9693704087,235.6666669022061,48.569876461198305,66.7200617897 298.569876461 134.710061749
1000.0,76,3.762713003468441e-21,-112967.9693704087,235.6666669454071,48.52087646115939,66.7950617897 298.520876461 134.684061749
1000.0,77,6.087384225020164e-23,-112967.9693704087,235.66666695063668,48.47187646112093,66.8700617897 298.471876461 134.658061749
1000.0,78,2.859595324303313e-17,-112967.9693704087,235.6666638660854,48.42287646264015,66.9450617867 298.422876463 134.632061751
1000.0,79,0.00013415846152534238,-112967.9693704087,228.97940569095135,48.37722009324773,67.0133745181 298.377220093 134.609405381
1000.0,80,0.0019221980266608618,-112931.74156399071,203.66670775740795,48.344220077705586,67.0563745565 298.344220078 134.599405366
1000.0,81,3.723905163977834e-15,-112931.74156399071,203.6666728021728,48.31122007717295,67.099374557 298.311220077 134.589405365
1000.0,82,5.69270942158727e-19,-112931.74156399071,203.66667227728067,48.2782200772067,67.1423745575 298.278220077 134.579405365
1000.0,83,9.429512554101717e-20,-112931.74156399071,203.6666721357974,48.24522007707077,67.1853745576 298.245220077 134.569405365
1000.0,84,5.455003123912745e-15,-112931.74156399071,203.66671480241075,48.21222005566824,67.2283746003 298.212220056 134.559405344
1000.0,85,1.0382560064945e-15,-112931.74156399071,203.6666961907954,48.17922004361236,67.2713746245 298.179220044 134.549405332
1000.0,86,2.4011711576112285e-16,-112931.74156399071,203.66668725529416,48.14622003600482,67.3143746397 298.146220036 134.539405324
1000.0,87,9.544201612573369e-17,-112931.74156399071,203.6666815954518,48.11322003127191,67.3573746493 298.113220031 134.52940532
1000.0,88,5.285513303706103e-18,-112931.74156399071,203.666680169762,48.08022002720156,67.4003746575 298.080220027 134.519405315
1000.0,89,1.6136801328464726e-17,-112931.74156399071,203.66667781292017,48.04722002422403,67.4433746634 298.047220024 134.509405312
1000.0,90,8.437268487464684e-18,-112931.74156399071,203.66667612603487,48.01422002211109,67.4863746676 298.014220022 134.49940531
1000.0,91,2.180576874015333e-18,-112931.74156399071,203.66667529600727,47.98122002040259,67.529374671 297.98122002 134.489405309
1000.0,92,3.3238517613302903e-19,-112931.74156399071,203.66667562592647,47.94822001852822,67.5723746747 297.948220019 134.479405307
1000.0,93,1.721877063795826e-19,-112931.74156399071,203.66667586915946,47.915220016539934,67.6153746787 297.915220017 134.469405305
1000.0,94,8.367019979130737e-20,-112931.74156399071,203.66667603724545,47.88222001447082,67.6583746828 297.882220014 134.459405303
1000.0,95,4.222772280918395e-20,-112931.74156399071,203.66667615638926,47.84922001234679,67.701374687 297.849220012 134.449405301
1000.0,96,2.126366456746599e-20,-112931.74156399071,203.66667624279125,47.81622001018519,67.7443746914 297.81622001 134.439405298
1000.0,97,1.0009886672017865e-20,-112931.74156399071,203.6666763093549,47.783220007990565,67.7873746957 297.783220008 134.429405296
1000.0,98,6.268229682981577e-22,-112931.74156399071,203.6666763262374,47.7502200057985,67.8303747001 297.750220006 134.419405294
1000.0,99,1.3209889936274065e-21,-112931.74156399071,203.6666763038411,47.71722000362206,67.8733747045 297.717220004 134.409405292
1000.0,100,1.5477266177657813e-21,-112931.74156399071,203.66667627684046,47.68422000145591,67.9163747089 297.684220001 134.39940529
10000.0,1,4440.666666666666,-115399.99999999999,666666.6666666669,58.333333333333314,57.3333333333 308.333333333 134.333333333
10000.0,2,4438.328379927836,-115399.99999999999,228.5555555357132,58.31607777781704,57.3482111111 308.316077778 134.335711111
10000.0,3,1.62119198431334e-20,-115399.99999999999,228.55555470295712,58.29882222234659,57.3630888888 308.298822222 134.338088889
10000.0,4,2.321497737207844e-24,-115399.99999999999,228.55555469386218,58.281566666877836,57.3779666665 308.281566667 134.340466667
10000.0,5,2.4281938041753365e-24,-115399.99999999999,228.5555546859041,58.264311111409484,57.3928444443 308.264311111 134.342844444
10000.0,6,2.4869944442359703e-24,-115399.99999999999,228.55555467851445,58.24705555594221,57.407722222 308.247055556 134.345222222
10000.0,7,3.374338848493854e-24,-115399.99999999999,228.5555546643036,58.229800000476246,57.4225999997 308.2298 134.3476
10000.0,8,3.5918877534920834e-24,-115399.99999999999,228.55555465009274,58.21254444501085,57.4374777775 308.212544445 134.349977778
10000.0,9,3.6969009171951045e-24,-115399.99999999999,228.55555464213467,58.19528888954551,57.4523555552 308.19528889 134.352355555
10000.0,10,2.9368344868292004e-24,-115399.99999999999,228.55555463360815,58.178033334082045,57.4672333329 308.178033334 134.354733333
10000.0,11,2.8161366647013048e-24,-115399.99999999999,228.5555546245132,58.16077777861938,57.4821111107 308.160777779 134.357111111
10000.0,12,5.348579594497592e-23,-115399.99999999999,228.55555459324933,58.143522223159835,57.4969888884 308.143522223 134.359488888
10000.0,13,3.887136302210962e-24,-115399.99999999999,228.55555458358594,58.12626666770177,57.5118666661 308.126266668 134.361866666
10000.0,14,5.28280163750246e-24,-115399.99999999999,228.55555458188064,58.10901111224388,57.5267444438 308.109011112 134.364244444
10000.0,15,1.7557292203382312e-23,-115399.99999999999,228.555554561417,58.09175555678871,57.5416222216 308.091755557 134.366622222
10000.0,16,1.6092459543921036e-23,-115399.99999999999,228.55555453867964,58.07450000133258,57.5564999993 308.074500001 134.368999999
10000.0,17,3.7907059451567455e-24,-115399.99999999999,228.55555452219505,58.05724444587656,57.571377777 308.057244446 134.371377777
10000.0,18,7.642753714303477e-24,-115399.99999999999,228.55555451253167,58.03998889042191,57.5862555547 308.03998889 134.373755555
10000.0,19,1.4122688588987732e-23,-115399.99999999999,228.55555450684733,58.02273333496828,57.6011333325 308.022733335 134.376133333
10000.0,20,4.428357992064994e-24,-115399.99999999999,228.5555544897943,58.00547777951738,57.6160111102 308.00547778 134.37851111
10000.0,21,3.419255536622598e-24,-115399.99999999999,228.55555447501501,57.988222224068295,57.6308888879 307.988222224 134.380888888
10000.0,22,5.5115250201767805e-24,-115399.99999999999,228.55555446592007,57.97096666861927,57.6457666656 307.970966669 134.383266666
10000.0,23,5.981055030964327e-24,-115399.99999999999,228.55555445227765,57.953711113171835,57.6606444433 307.953711113 134.385644443
10000.0,24,3.2843293092884474e-20,-115399.99999999999,228.55555551922862,57.93645555761691,57.6755222211 307.936455558 134.388022221
10000.0,25,1.1341589970252723e-24,-115399.99999999999,228.55555552150236,57.91920000206392,57.6903999989 307.919200002 134.390399999
10000.0,26,4.68301491404482e-25,-115399.99999999999,228.55555551695488,57.9019444465107,57.7052777767 307.901944447 134.392777777
10000.0,27,1.6480671668969318e-25,-115399.99999999999,228.55555551752332,57.88468889095674,57.7201555544 307.884688891 134.395155555
10000.0,28,1.1698500094581839e-23,-115399.99999999999,228.55555553173417,57.867433335401756,57.7350333322 307.867433335 134.397533332
10000.0,29,2.078217241295845e-25,-115399.99999999999,228.55555552832357,57.850177779847854,57.74991111 307.85017778 134.39991111
10000.0,30,5.406561165539408e-22,-115399.99999999999,228.55555545783773,57.83292222430015,57.7647888878 307.832922224 134.402288888
10000.0,31,2.7585458637974997e-22,-115399.99999999999,228.5555555089968,57.815666668748634,57.7796666655 307.815666669 134.404666666
10000.0,32,7.407313864700651e-23,-115399.99999999999,228.55555554935563,57.79841111319297,57.7945444433 307.798411113 134.407044444
10000.0,33,6.994684496188151e-24,-115399.99999999999,228.55555556015588,57.781155557637476,57.8094222211 307.781155558 134.409422221
10000.0,34,1.75478859521662e-21,-115399.99999999999,228.55555542032107,57.76390000209636,57.8242999988 307.763900002 134.411799999
10000.0,35,1.852713673292275e-21,-115399.99999999999,228.5555552611595,57.74664444656952,57.8391777766 307.746644447 134.414177777
10000.0,36,2.1250551486203426e-21,-115399.99999999999,228.55555545101652,57.729388891024655,57.8540555543 307.729388891 134.416555555
10000.0,37,3.2347463982544314e-22,-115399.99999999999,228.55555547943823,57.71213333547905,57.8689333321 307.712133335 134.418933332
10000.0,38,2.5073323301871082e-23,-115399.99999999999,228.5555554873963,57.69487777992549,57.8838111099 307.69487778 134.42131111
10000.0,39,3.3835209369951368e-22,-115399.99999999999,228.55555553855538,57.677622224369486,57.8986888876 307.677622224 134.423688888
10000.0,40,5.174086086617601e-25,-115399.99999999999,228.55555553969225,57.66036666881382,57.9135666654 307.660366669 134.426066666
10000.0,41,4.759267260958024e-24,-115399.99999999999,228.5555555487872,57.64311111325719,57.9284444432 307.643111113 134.428444444
10000.0,42,9.513452154057343e-26,-115399.99999999999,228.55555554765033,57.62585555770215,57.943322221 307.625855558 134.430822221
10000.0,43,1.3904146771063463e-25,-115399.99999999999,228.55555554651346,57.60860000214632,57.9581999987 307.608600002 134.433199999
10000.0,44,9.102212813154198e-21,-115399.99999999999,228.55555527650722,57.591344446617256,57.9730777765 307.591344447 134.435577777
10000.0,45,7.601564152034559e-21,-115399.99999999999,228.5555555271867,57.574088891063866,57.9879555542 307.574088891 134.437955555
10000.0,46,1.0745337343650475e-24,-115399.99999999999,228.55555552434453,57.55683333551025,58.002833332 307.556833336 134.440333332
10000.0,47,1.5124756508784637e-24,-115399.99999999999,228.5555555203655,57.5395777799568,58.0177111098 307.53957778 134.44271111
10000.0,48,7.037581700399529e-24,-115399.99999999999,228.55555551013367,57.522322224403865,58.0325888876 307.522322224 134.445088888
10000.0,49,6.490005367818853e-23,-115399.99999999999,228.55555552832357,57.505066668849,58.0474666653 307.505066669 134.447466666
10000.0,50,1.043568314298772e-25,-115399.99999999999,228.5555555305973,57.48781111329356,58.0623444431 307.487811113 134.449844444
10000.0,51,8.1834537041455225e-25,-115399.99999999999,228.5555555254814,57.47055555773932,58.0772222209 307.470555558 134.452222221
10000.0,52,2.745792991149661e-23,-115399.99999999999,228.55555549990186,57.45330000218655,58.0920999987 307.453300002 134.454599999
10000.0,53,4.614857331833725e-25,-115399.99999999999,228.55555549592282,57.43604444663356,58.1069777764 307.436044447 134.456977777
10000.0,54,6.39671530825614e-26,-115399.99999999999,228.55555549762812,57.418788891080396,58.1218555542 307.418788891 134.459355555
10000.0,55,1.7710873955297978e-25,-115399.99999999999,228.55555549762812,57.401533335527404,58.136733332 307.401533336 134.461733332
10000.0,56,1.1658312364626259e-24,-115399.99999999999,228.55555549649125,57.384277779974695,58.1516111098 307.38427778 134.46411111
10000.0,57,1.3991152869836641e-24,-115399.99999999999,228.5555554908069,57.367022224421476,58.1664888875 307.367022224 134.466488888
10000.0,58,3.8949113152928204e-25,-115399.99999999999,228.55555548682787,57.34976666886814,58.1813666653 307.349766669 134.468866666
10000.0,59,1.9738772388986127e-25,-115399.99999999999,228.55555548625944,57.332511113314695,58.1962444431 307.332511113 134.471244444
10000.0,60,1.327810675668007e-25,-115399.99999999999,228.55555548682787,57.315255557761475,58.2111222208 307.315255558 134.473622221
10000.0,61,4.181173160579421e-25,-115399.99999999999,228.55555548682787,57.298000002208596,58.2259999986 307.298000002 134.475999999
10000.0,62,3.1917943313966314e-25,-115399.99999999999,228.5555554873963,57.28074444665481,58.2408777764 307.280744447 134.478377777
10000.0,63,1.045991694999611e-24,-115399.99999999999,228.55555548512257,57.26348889110187,58.2557555542 307.263488891 134.480755555
10000.0,64,1.1930101241838403e-25,-115399.99999999999,228.55555548284883,57.24623333554837,58.2706333319 307.246233336 134.483133333
10000.0,65,6.69660866998496e-25,-115399.99999999999,228.5555554771645,57.22897777999492,58.2855111097 307.22897778 134.48551111
10000.0,66,1.5521803875971398e-23,-115399.99999999999,228.55555545783773,57.21172222444352,58.3003888875 307.211722224 134.487888888
10000.0,67,5.283474798808249e-25,-115399.99999999999,228.55555546011146,57.19446666889053,58.3152666653 307.194466669 134.490266666
10000.0,68,4.936123565021333e-25,-115399.99999999999,228.5555554623852,57.17721111333782,58.330144443 307.177211113 134.492644444
10000.0,69,1.2305725250468443e-24,-115399.99999999999,228.55555546977484,57.159955557785395,58.3450222208 307.159955558 134.495022221
10000.0,70,1.775102802718827e-23,-115399.99999999999,228.55555549137534,57.14270000223081,58.3598999986 307.142700002 134.497399999
10000.0,71,6.260568434160396e-25,-115399.99999999999,228.55555549478595,57.12544444667742,58.3747777763 307.125444447 134.499777777
10000.0,72,2.6798551583444036e-25,-115399.99999999999,228.5555554908069,57.108188891123746,58.3896555541 307.108188891 134.502155555
10000.0,73,5.533890804561607e-25,-115399.99999999999,228.5555554891016,57.09093333557007,58.4045333319 307.090933336 134.504533333
10000.0,74,7.857980212796736e-25,-115399.99999999999,228.55555548455413,57.07367778001628,58.4194111097 307.07367778 134.50691111
10000.0,75,2.603081111419214e-24,-115399.99999999999,228.55555548967004,57.0564222244613,58.4342888874 307.056422224 134.509288888
10000.0,76,8.448174387646889e-26,-115399.99999999999,228.55555549194378,57.039166668908024,58.4491666652 307.039166669 134.511666666
10000.0,77,6.798929188464827e-27,-115399.99999999999,228.55555549194378,57.02191111335418,58.464044443 307.021911113 134.514044444
10000.0,78,3.99352944659085e-26,-115399.99999999999,228.55555549023848,57.00465555779999,58.4789222208 307.004655558 134.516422221
10000.0,79,1.4106095162800042e-25,-115399.99999999999,228.55555549137534,56.98740000224609,58.4937999985 306.987400002 134.518799999
10000.0,80,8.321956642811526e-26,-115399.99999999999,228.55555549023848,56.97014444669276,58.5086777763 306.970144447 134.521177777
10000.0,81,3.042015940858668e-25,-115399.99999999999,228.5555554873963,56.95288889113874,58.5235555541 306.952888891 134.523555555
10000.0,82,2.1913083406683294e-25,-115399.99999999999,228.5555554891016,56.935633335584555,58.5384333319 306.935633336 134.525933333
10000.0,83,7.53721885058847e-25,-115399.99999999999,228.5555554873963,56.91837778003139,58.5533111096 306.91837778 134.52831111
10000.0,84,1.4193437842226113e-24,-115399.99999999999,228.5555554822804,56.901122224477604,58.5681888874 306.901122224 134.530688888
10000.0,85,4.7745648516320695e-25,-115399.99999999999,228.55555548512257,56.88386666892302,58.5830666652 306.883866669 134.533066666
10000.0,86,4.813305284780203e-24,-115399.99999999999,228.55555547659606,56.86661111337037,58.597944443 306.866611113 134.535444444
10000.0,87,2.202078921560947e-25,-115399.99999999999,228.55555547375388,56.8493555578159,58.6128222207 306.849355558 134.537822221
10000.0,88,5.703325505228596e-24,-115399.99999999999,228.55555548455413,56.8321000022612,58.6276999985 306.832100002 134.540199999
10000.0,89,1.2066248115934148e-24,-115399.99999999999,228.55555547830136,56.814844446708435,58.6425777763 306.814844447 134.542577777
10000.0,90,7.451895655079765e-25,-115399.99999999999,228.55555548114353,56.79758889115402,58.657455554 306.797588891 134.544955555
10000.0,91,2.382654441838738e-25,-115399.99999999999,228.55555548114353,56.78033333560046,58.6723333318 306.780333336 134.547333333
10000.0,92,4.703714624197819e-26,-115399.99999999999,228.55555547943823,56.763077780046956,58.6872111096 306.76307778 134.54971111
10000.0,93,1.3308903886419899e-24,-115399.99999999999,228.55555547489075,56.74582222449334,58.7020888874 306.745822224 134.552088888
10000.0,94,5.0487097934144756e-27,-115399.99999999999,228.55555547489075,56.72856666893949,58.7169666651 306.728566669 134.554466666
10000.0,95,3.1648678791650873e-25,-115399.99999999999,228.55555547773292,56.71131111338559,58.7318444429 306.711311113 134.556844444
10000.0,96,3.0739911028836267e-25,-115399.99999999999,228.55555548000666,56.694055557831746,58.7467222207 306.694055558 134.559222221
10000.0,97,1.0588827340054626e-24,-115399.99999999999,228.5555554771645,56.676800002278696,58.7615999985 306.676800002 134.561599999
10000.0,98,8.365207256708445e-25,-115399.99999999999,228.55555547489075,56.65954444672474,58.7764777762 306.659544447 134.563977777
10000.0,99,2.1170923067051366e-25,-115399.99999999999,228.55555547773292,56.64228889117061,58.791355554 306.642288891 134.566355555
10000.0,100,1.0923725089684453e-25,-115399.99999999999,228.5555554754592,56.62503333561676,58.8062333318 306.625033336 134.568733333
100000.0,1,4440.666666666666,-115399.99999999999,6666666.666666669,58.333333333333314,57.3333333333 308.333333333 134.333333333
100000.0,2,4440.43280179903,-115399.99999999999,228.5555558046326,58.33160777777931,57.3348211111 308.331607778 134.333571111
100000.0,3,2.6001175187704798e-23,-115399.99999999999,228.55555550904683,58.32988222222389,57.3363088889 308.329882222 134.333808889
100000.0,4,3.56792321100601e-25,-115399.99999999999,228.55555546925643,58.32815666666852,57.3377966667 308.328156667 134.334046667
100000.0,5,1.0826789861650894e-24,-115399.99999999999,228.55555541809736,58.32643111111315,57.3392844444 308.326431111 134.334284444
100000.0,6,1.6292186503348513e-25,-115399.99999999999,228.55555538967565,58.32470555555756,57.3407722222 308.324705556 134.334522222
100000.0,7,5.004617727885322e-25,-115399.99999999999,228.55555533283223,58.3229800000023,57.34226 308.32298 134.33476
100000.0,8,1.6456942732940271e-24,-115399.99999999999,228.55555536125394,58.321254444446254,57.3437477778 308.321254444 134.334997778
100000.0,9,2.598066059691089e-25,-115399.99999999999,228.55555532714789,58.31952888889123,57.3452355556 308.319528889 134.335235556
100000.0,10,7.400617592611319e-24,-115399.99999999999,228.5555551111429,58.317803333337054,57.3467233333 308.317803333 134.335473333
100000.0,11,1.6367580569596833e-24,-115399.99999999999,228.55555512251158,58.31607777778271,57.3482111111 308.316077778 134.335711111
100000.0,12,1.934480473477335e-24,-115399.99999999999,228.55555502019342,58.31435222222888,57.3496988889 308.314352222 134.335948889
100000.0,13,3.2764275365669025e-24,-115399.99999999999,228.5555550031404,58.312626666673964,57.3511866667 308.312626667 134.336186667
100000.0,14,4.713004250217702e-24,-115399.99999999999,228.5555549235596,58.3109011111207,57.3526744444 308.310901111 134.336424444
100000.0,15,8.496978582316562e-26,-115399.99999999999,228.5555549235596,58.309175555565616,57.3541622222 308.309175556 134.336662222
100000.0,16,2.4554231789944853e-24,-115399.99999999999,228.5555548269258,58.307450000012295,57.35565 308.30745 134.3369
100000.0,17,5.034573405992914e-25,-115399.99999999999,228.55555477008238,58.305724444457894,57.3571377778 308.305724444 134.337137778
100000.0,18,4.375834581180839e-24,-115399.99999999999,228.55555480987277,58.30399888890298,57.3586255555 308.303998889 134.337375556
100000.0,19,6.440470793132399e-25,-115399.99999999999,228.555554747345,58.30227333334966,57.3601133333 308.302273333 134.337613333
100000.0,20,1.8945620080440713e-24,-115399.99999999999,228.55555471323896,58.30054777779549,57.3616011111 308.300547778 134.337851111
100000.0,21,3.0497572958752374e-24,-115399.99999999999,228.55555459386778,58.29882222224154,57.3630888889 308.298822222 134.338088889
100000.0,22,5.636531074661722e-24,-115399.99999999999,228.55555470755462,58.29709666668589,57.3645766667 308.297096667 134.338326667
100000.0,23,1.3734341831678293e-24,-115399.99999999999,228.55555468481725,58.29537111113302,57.3660644444 308.295371111 134.338564444
100000.0,24,8.033944578129876e-24,-115399.99999999999,228.5555545540774,58.29364555557936,57.3675522222 308.293645556 134.338802222
100000.0,25,9.603992349685908e-25,-115399.99999999999,228.55555454839305,58.291920000024106,57.36904 308.29192 134.33904
100000.0,26,2.655957931988908e-25,-115399.99999999999,228.5555545029183,58.29019444446982,57.3705277778 308.290194444 134.339277778
100000.0,27,1.717066200740263e-24,-115399.99999999999,228.55555440060016,58.288468888916555,57.3720155555 308.288468889 134.339515556
100000.0,28,6.688699024641944e-25,-115399.99999999999,228.55555434944108,58.2867433333617,57.3735033333 308.286743333 134.339753333
100000.0,29,1.0971351252068997e-24,-115399.99999999999,228.5555544062845,58.28501777780673,57.3749911111 308.285017778 134.339991111
100000.0,30,2.4957455412112223e-25,-115399.99999999999,228.55555439491582,58.283292222253294,57.3764788889 308.283292222 134.340228889
100000.0,31,1.6490600798229702e-24,-115399.99999999999,228.5555543664941,58.28156666669963,57.3779666666 308.281566667 134.340466667
100000.0,32,1.6149644596847776e-24,-115399.99999999999,228.55555440060016,58.27984111114387,57.3794544444 308.279841111 134.340704444
100000.0,33,5.557114869611313e-25,-115399.99999999999,228.55555439491582,58.27811555558992,57.3809422222 308.278115556 134.340942222
100000.0,34,1.7032327359063075e-24,-115399.99999999999,228.55555444039055,58.27639000003546,57.38243 308.27639 134.34118
100000.0,35,1.0345647818338495e-24,-115399.99999999999,228.55555446312792,58.274664444481004,57.3839177778 308.274664444 134.341417778
100000.0,36,1.1588135298497797e-24,-115399.99999999999,228.55555442333753,58.27293888892734,57.3854055555 308.272938889 134.341655556
100000.0,37,1.2408045768948308e-24,-115399.99999999999,228.55555450860265,58.271213333371975,57.3868933333 308.271213333 134.341893333
100000.0,38,2.1520966946061435e-25,-115399.99999999999,228.55555449723397,58.26948777781848,57.3883811111 308.269487778 134.342131111
100000.0,39,4.222639897015999e-24,-115399.99999999999,228.5555545540774,58.26776222226363,57.3898688889 308.267762222 134.342368889
100000.0,40,1.7512291370090343e-25,-115399.99999999999,228.55555458818344,58.266036666709795,57.3913566666 308.266036667 134.342606667
100000.0,41,8.601150294387347e-25,-115399.99999999999,228.55555457681476,58.26431111115551,57.3928444444 308.264311111 134.342844444
100000.0,42,1.3697654540512812e-24,-115399.99999999999,228.55555464502686,58.26258555560088,57.3943322222 308.262585556 134.343082222
100000.0,43,8.661061650602533e-25,-115399.99999999999,228.55555466207989,58.2608600000471,57.39582 308.26086 134.34332
100000.0,44,3.511545951646215e-25,-115399.99999999999,228.55555461660515,58.25913444449287,57.3973077777 308.259134444 134.343557778
100000.0,45,4.562855620961556e-25,-115399.99999999999,228.5555546507112,58.25740888893813,57.3987955555 308.257408889 134.343795556
100000.0,46,1.1142502514065748e-25,-115399.99999999999,228.55555466207989,58.255683333383786,57.4002833333 308.255683333 134.344033333
100000.0,47,1.001361100425827e-24,-115399.99999999999,228.55555465639554,58.2539577778295,57.4017711111 308.253957778 134.344271111
100000.0,48,6.959478159895407e-25,-115399.99999999999,228.5555546791329,58.25223222227453,57.4032588889 308.252232222 134.344508889
100000.0,49,6.894181513233913e-25,-115399.99999999999,228.55555462797383,58.25050666672081,57.4047466666 308.250506667 134.344746667
100000.0,50,8.290318061439464e-25,-115399.99999999999,228.55555470187028,58.24878111116584,57.4062344444 308.248781111 134.344984444
100000.0,51,6.123748398758864e-25,-115399.99999999999,228.55555467344857,58.24705555561167,57.4077222222 308.247055556 134.345222222
100000.0,52,1.1196254444332967e-23,-115399.99999999999,228.55555483261014,58.24533000005687,57.40921 308.24533 134.34546
100000.0,53,1.5095642282309282e-25,-115399.99999999999,228.55555480418843,58.24360444450383,57.4106977777 308.243604445 134.345697778
100000.0,54,1.735073265670108e-25,-115399.99999999999,228.55555480418843,58.24187888894869,57.4121855555 308.241878889 134.345935556
100000.0,55,2.0363970951737287e-24,-115399.99999999999,228.5555548951379,58.24015333339361,57.4136733333 308.240153333 134.346173333
100000.0,56,1.5656049069378289e-24,-115399.99999999999,228.5555549349283,58.238427777839206,57.4151611111 308.238427778 134.346411111
100000.0,57,6.014191396241771e-25,-115399.99999999999,228.55555499745606,58.23670222228509,57.4166488888 308.236702222 134.346648889
100000.0,58,8.303612997228788e-25,-115399.99999999999,228.55555507703684,58.234976666730745,57.4181366666 308.234976667 134.346886667
100000.0,59,7.4656954618484315e-25,-115399.99999999999,228.55555503724645,58.2332511111768,57.4196244444 308.233251111 134.347124444
100000.0,60,2.5549837361206186e-25,-115399.99999999999,228.55555502019342,58.23152555562217,57.4211122222 308.231525556 134.347362222
100000.0,61,1.7498828143974572e-25,-115399.99999999999,228.5555550429308,58.22980000006777,57.4226 308.2298 134.3476
100000.0,62,5.0779923102162795e-25,-115399.99999999999,228.5555550713525,58.228074444513084,57.4240877777 308.228074445 134.347837778
100000.0,63,2.631067792707375e-24,-115399.99999999999,228.5555550997742,58.22634888895817,57.4255755555 308.226348889 134.348075556
100000.0,64,4.845583369392766e-25,-115399.99999999999,228.55555515661763,58.22462333340377,57.4270633333 308.224623333 134.348313333
100000.0,65,1.6994293745286018e-24,-115399.99999999999,228.555555179355,58.222897777849596,57.4285511111 308.222897778 134.348551111
100000.0,66,1.1618259266931838e-24,-115399.99999999999,228.55555523619842,58.22117222229457,57.4300388888 308.221172222 134.348788889
100000.0,67,4.939270594125894e-24,-115399.99999999999,228.55555536125394,58.219446666739714,57.4315266666 308.219446667 134.349026667
100000.0,68,4.434130350262131e-24,-115399.99999999999,228.55555528167315,58.21772111118685,57.4330144444 308.217721111 134.349264444
100000.0,69,1.590865284937546e-24,-115399.99999999999,228.55555530441052,58.21599555563125,57.4345022222 308.215995556 134.349502222
100000.0,70,2.2975163656891254e-24,-115399.99999999999,228.55555532714789,58.214270000076226,57.43599 308.21427 134.34974
100000.0,71,2.73348928538311e-24,-115399.99999999999,228.5555552475671,58.21254444452302,57.4374777777 308.212544445 134.349977778
100000.0,72,6.270497563420779e-26,-115399.99999999999,228.55555524188276,58.210818888967765,57.4389655555 308.210818889 134.350215556
100000.0,73,4.607301096176248e-24,-115399.99999999999,228.55555517367065,58.20909333341342,57.4404533333 308.209093333 134.350453333
100000.0,74,5.513191094408607e-26,-115399.99999999999,228.555555179355,58.207367777858394,57.4419411111 308.207367778 134.350691111
100000.0,75,1.6040592465310023e-24,-115399.99999999999,228.55555516230197,58.205642222304164,57.4434288888 308.205642222 134.350928889
100000.0,76,1.4702347789402292e-24,-115399.99999999999,228.55555515661763,58.203916666749535,57.4449166666 308.203916667 134.351166667
100000.0,77,1.2638603516180902e-25,-115399.99999999999,228.55555514524895,58.20219111119468,57.4464044444 308.202191111 134.351404444
100000.0,78,8.746048265458343e-26,-115399.99999999999,228.5555551395646,58.20046555564011,57.4478922222 308.200465556 134.351642222
100000.0,79,1.0215222815341955e-25,-115399.99999999999,228.55555514524895,58.198740000085536,57.4493799999 308.19874 134.35188
100000.0,80,1.2319693347563555e-24,-115399.99999999999,228.55555519640802,58.197014444530055,57.4508677777 308.197014445 134.352117778
100000.0,81,1.3099382429993196e-24,-115399.99999999999,228.55555512819592,58.195288888977075,57.4523555555 308.195288889 134.352355556
100000.0,82,1.6992274261368652e-25,-115399.99999999999,228.55555515661763,58.19356333342131,57.4538433333 308.193563333 134.352593333
100000.0,83,4.167878224790096e-25,-115399.99999999999,228.5555551679863,58.19183777786628,57.4553311111 308.191837778 134.352831111
100000.0,84,2.083770822068601e-25,-115399.99999999999,228.5555551509333,58.19011222231188,57.4568188888 308.190112222 134.353068889
100000.0,85,1.137137735803387e-25,-115399.99999999999,228.555555179355,58.18838666675708,57.4583066666 308.188386667 134.353306667
100000.0,86,9.101376460718853e-24,-115399.99999999999,228.55555526462012,58.18666111120183,57.4597944444 308.186661111 134.353544444
100000.0,87,8.2169434791085055e-25,-115399.99999999999,228.55555525325144,58.18493555564828,57.4612822222 308.184935556 134.353782222
100000.0,88,7.116156453817702e-25,-115399.99999999999,228.55555530441052,58.183210000092856,57.4627699999 308.18321 134.35402
100000.0,89,5.77925810052155e-25,-115399.99999999999,228.55555531009486,58.181484444538455,57.4642577777 308.181484445 134.354257778
100000.0,90,7.681107079700783e-25,-115399.99999999999,228.55555533851657,58.17975888898343,57.4657455555 308.179758889 134.354495556
100000.0,91,9.8702276461253e-25,-115399.99999999999,228.55555529872618,58.17803333342914,57.4672333333 308.178033333 134.354733333
100000.0,92,1.6602008994337713e-24,-115399.99999999999,228.55555530441052,58.17630777787423,57.4687211111 308.176307778 134.354971111
100000.0,93,1.7217615008481386e-24,-115399.99999999999,228.5555553839913,58.17458222231886,57.4702088888 308.174582222 134.355208889
100000.0,94,3.555806307501815e-25,-115399.99999999999,228.55555533851657,58.172856666765256,57.4716966666 308.172856667 134.355446667
100000.0,95,3.901659757383351e-24,-115399.99999999999,228.55555521346105,58.17113111121114,57.4731844444 308.171131111 134.355684444
100000.0,96,5.54779158552614e-24,-115399.99999999999,228.55555511682724,58.169405555655885,57.4746722222 308.169405556 134.355922222
100000.0,97,1.2880436715285457e-24,-115399.99999999999,228.55555502587777,58.16768000010086,57.4761599999 308.16768 134.35616
100000.0,98,5.755697454818949e-25,-115399.99999999999,228.55555504861513,58.165954444545264,57.4776477777 308.165954445 134.356397778
100000.0,99,4.7487996026530105e-24,-115399.99999999999,228.55555514524895,58.16422888898978,57.4791355555 308.164228889 134.356635556
100000.0,100,5.7664680357115665e-25,-115399.99999999999,228.55555508272118,58.16250333343618,57.4806233333 308.162503333 134.356873333
1000000.0,1,4440.666666666666,-115399.99999999999,66666666.66666669,58.333333333333314,57.3333333333 308.333333333 134.333333333
1000000.0,2,4440.643279817991,-115399.99999999999,228.55555528402328,58.33316077777789,57.3334821111 308.333160778 134.333357111
1000000.0,3,7.2196550045827e-25,-115399.99999999999,228.55555494296277,58.33298822222275,57.3336308889 308.332988222 134.333380889
1000000.0,4,3.1902965474912516e-24,-115399.99999999999,228.5555559093009,58.332815666665965,57.3337796667 308.332815667 134.333404667
1000000.0,5,1.1790756851540166e-24,-115399.99999999999,228.55555647773508,58.332643111111,57.3339284444 308.332643111 134.333428444
1000000.0,6,1.287252706994244e-25,-115399.99999999999,228.55555647773508,58.33247055555563,57.3340772222 308.332470556 134.333452222
1000000.0,7,4.45868390889077e-25,-115399.99999999999,228.5555568187956,58.33229799999975,57.334226 308.332298 134.333476
1000000.0,8,2.5277207032361806e-26,-115399.99999999999,228.55555676195218,58.33212544444473,57.3343747778 308.332125444 134.333499778
1000000.0,9,7.546727254032734e-24,-115399.99999999999,228.55555795566397,58.33195288888783,57.3345235556 308.331952889 134.333523556
1000000.0,10,2.25680693572156e-24,-115399.99999999999,228.55555750091662,58.33178033333377,57.3346723333 308.331780333 134.333547333
1000000.0,11,7.17354345513618e-25,-115399.99999999999,228.5555571030127,58.33160777777812,57.3348211111 308.331607778 134.333571111
1000000.0,12,3.4550004019599726e-25,-115399.99999999999,228.5555571030127,58.33143522222184,57.3349698889 308.331435222 134.333594889
1000000.0,13,6.889805964746287e-26,-115399.99999999999,228.55555704616927,58.331262666666476,57.3351186667 308.331262667 134.333618667
1000000.0,14,1.74971452407101e-25,-115399.99999999999,228.55555693248243,58.331090111110825,57.3352674444 308.331090111 134.333642444
1000000.0,15,1.1807754174511327e-24,-115399.99999999999,228.5555574440732,58.33091755555438,57.3354162222 308.330917556 134.333666222
1000000.0,16,3.6906068589859816e-26,-115399.99999999999,228.55555733038636,58.330744999999354,57.335565 308.330745 134.33369
1000000.0,17,5.454289480152105e-26,-115399.99999999999,228.55555733038636,58.33057244444353,57.3357137778 308.330572444 134.333713778
1000000.0,18,2.2242932446519705e-25,-115399.99999999999,228.55555767144688,58.33039988888771,57.3358625556 308.330399889 134.333737556
1000000.0,19,3.691784891271111e-25,-115399.99999999999,228.55555795566397,58.330227333332175,57.3360113333 308.330227333 134.333761333
1000000.0,20,1.0065444424803992e-25,-115399.99999999999,228.55555818303765,58.33005477777647,57.3361601111 308.330054778 134.333785111
1000000.0,21,6.56382760241816e-25,-115399.99999999999,228.55555858094158,58.32988222222036,57.3363088889 308.329882222 134.333808889
1000000.0,22,2.329642989007886e-25,-115399.99999999999,228.55555823988107,58.32970966666534,57.3364576667 308.329709667 134.333832667
1000000.0,23,3.003309165775824e-25,-115399.99999999999,228.55555829672448,58.3295371111094,57.3366064444 308.329537111 134.333856444
1000000.0,24,8.79636707306604e-25,-115399.99999999999,228.55555858094158,58.32936455555324,57.3367552222 308.329364556 134.333880222
1000000.0,25,1.8175691836945005e-24,-115399.99999999999,228.55555931990602,58.32919199999748,57.336904 308.329192 134.333904
1000000.0,26,4.2594281623773457e-26,-115399.99999999999,228.55555931990602,58.329019444442054,57.3370527778 308.329019444 134.333927778
1000000.0,27,9.356942150461494e-26,-115399.99999999999,228.5555592630626,58.32884688888646,57.3372015556 308.328846889 134.333951556
1000000.0,28,1.3833801414608556e-24,-115399.99999999999,228.555558637785,58.32867433333132,57.3373503333 308.328674333 134.333975333
1000000.0,29,1.7311184429986e-24,-115399.99999999999,228.55555931990602,58.32850177777448,57.3374991111 308.328501778 134.333999111
1000000.0,30,1.66676422216521e-24,-115399.99999999999,228.55555858094158,58.32832922221985,57.3376478889 308.328329222 134.334022889
1000000.0,31,3.2412716873720933e-26,-115399.99999999999,228.555558637785,58.32815666666329,57.3377966667 308.328156667 134.334046667
1000000.0,32,1.5082347346519956e-24,-115399.99999999999,228.55555943359286,58.327984111107185,57.3379454444 308.327984111 134.334070444
1000000.0,33,1.011929732926708e-24,-115399.99999999999,228.55555903568893,58.32781155555216,57.3380942222 308.327811556 134.334094222
1000000.0,34,1.1761810915391255e-24,-115399.99999999999,228.5555592630626,58.327638999995656,57.338243 308.327639 134.334118
1000000.0,35,2.650185573791771e-24,-115399.99999999999,228.55555841041132,58.327466444440915,57.3383917778 308.327466444 134.334141778
1000000.0,36,8.239999253831766e-25,-115399.99999999999,228.5555580693508,58.32729388888475,57.3385405556 308.327293889 134.334165556
1000000.0,37,3.67889385226526e-24,-115399.99999999999,228.55555880831525,58.327121333327796,57.3386893333 308.327121333 134.334189333
1000000.0,38,4.314963970104905e-26,-115399.99999999999,228.55555869462842,58.32694877777283,57.3388381111 308.326948778 134.334213111
1000000.0,39,2.4652849921242884e-25,-115399.99999999999,228.5555589788455,58.32677622221661,57.3389868889 308.326776222 134.334236889
1000000.0,40,1.248411299650242e-24,-115399.99999999999,228.55555949043628,58.32660366666039,57.3391356667 308.326603667 134.334260667
1000000.0,41,2.064417434527179e-25,-115399.99999999999,228.55555914937577,58.32643111110531,57.3392844445 308.326431111 134.334284444
1000000.0,42,8.712390200168913e-26,-115399.99999999999,228.55555949043628,58.32625855554886,57.3394332222 308.326258556 134.334308222
1000000.0,43,1.4866464515753552e-23,-115399.99999999999,228.55556113889543,58.32608599999162,57.339582 308.326086 134.334332
1000000.0,44,1.1330987679686553e-25,-115399.99999999999,228.55556147995594,58.32591344443716,57.3397307778 308.325913444 134.334355778
1000000.0,45,5.644457549037384e-25,-115399.99999999999,228.55556113889543,58.32574088888134,57.3398795556 308.325740889 134.334379556
1000000.0,46,3.685894729845461e-25,-115399.99999999999,228.55556096836517,58.325568333325464,57.3400283333 308.325568333 134.334403333
1000000.0,47,6.433570889748066e-25,-115399.99999999999,228.55556057046124,58.325395777769586,57.3401771111 308.325395778 134.334427111
1000000.0,48,5.361056639300384e-25,-115399.99999999999,228.55556022940073,58.32522322221337,57.3403258889 308.325223222 134.334450889
1000000.0,49,4.448586489303941e-25,-115399.99999999999,228.55556034308756,58.32505066665726,57.3404746667 308.325050667 134.334474667
1000000.0,50,2.643167867178925e-25,-115399.99999999999,228.55556005887047,58.324878111101725,57.3406234445 308.324878111 134.334498444
1000000.0,51,2.3911194452590298e-24,-115399.99999999999,228.5555607409915,58.32470555554494,57.3407722222 308.324705556 134.334522222
1000000.0,52,2.4385268302191917e-26,-115399.99999999999,228.55556079783491,58.32453299998929,57.340921 308.324533 134.334546
1000000.0,53,2.828287226270789e-25,-115399.99999999999,228.55556039993098,58.324360444433864,57.3410697778 308.324360444 134.334569778
1000000.0,54,5.736680647930421e-25,-115399.99999999999,228.55556000202705,58.3241878888781,57.3412185556 308.324187889 134.334593556
1000000.0,55,3.91796709001608e-25,-115399.99999999999,228.5555601725573,58.32401533332143,57.3413673333 308.324015333 134.334617333
1000000.0,56,4.759418722251826e-25,-115399.99999999999,228.55556028624414,58.32384277776555,57.3415161111 308.323842778 134.334641111
1000000.0,57,2.1019461773248932e-26,-115399.99999999999,228.55556022940073,58.323670222209785,57.3416648889 308.323670222 134.334664889
1000000.0,58,2.622973028005267e-25,-115399.99999999999,228.5555601725573,58.32349766665368,57.3418136667 308.323497667 134.334688667
1000000.0,59,2.956861035676411e-26,-115399.99999999999,228.55556028624414,58.323325111097745,57.3419624445 308.323325111 134.334712444
1000000.0,60,9.134798919551257e-25,-115399.99999999999,228.55556000202705,58.32315255554221,57.3421112222 308.323152556 134.334736222
1000000.0,61,3.0987297808713576e-25,-115399.99999999999,228.55556034308756,58.322979999985535,57.34226 308.32298 134.33476
1000000.0,62,1.3348115532482084e-24,-115399.99999999999,228.55555994518363,58.32280744443017,57.3424087778 308.322807444 134.334783778
1000000.0,63,4.507824684213338e-25,-115399.99999999999,228.5555598314968,58.32263488887389,57.3425575556 308.322634889 134.334807556
1000000.0,64,2.5851077045546585e-25,-115399.99999999999,228.55555949043628,58.322462333317844,57.3427063334 308.322462333 134.334831333
1000000.0,65,1.2175805118451243e-25,-115399.99999999999,228.55555943359286,58.32228977776134,57.3428551111 308.322289778 134.334855111
1000000.0,66,2.1921161342352756e-24,-115399.99999999999,228.5555589220021,58.32211722220586,57.3430038889 308.322117222 134.334878889
1000000.0,67,5.595485064041263e-25,-115399.99999999999,228.55555846725474,58.3219446666493,57.3431526667 308.321944667 134.334902667
1000000.0,68,8.640025359796638e-26,-115399.99999999999,228.55555841041132,58.321772111093196,57.3433014445 308.321772111 134.334926444
1000000.0,69,3.3826355615876986e-26,-115399.99999999999,228.5555583535679,58.32159955553709,57.3434502222 308.321599556 134.334950222
1000000.0,70,6.411861437636384e-26,-115399.99999999999,228.5555583535679,58.321426999980815,57.343599 308.321427 134.334974
1000000.0,71,9.427792377895743e-25,-115399.99999999999,228.55555886515867,58.321254444424426,57.3437477778 308.321254444 134.334997778
1000000.0,72,1.1810110239081588e-24,-115399.99999999999,228.55555846725474,58.32108188886906,57.3438965556 308.321081889 134.335021556
1000000.0,73,6.918247029915855e-25,-115399.99999999999,228.55555886515867,58.320909333312215,57.3440453334 308.320909333 134.335045333
1000000.0,74,3.6986847946554443e-25,-115399.99999999999,228.55555858094158,58.320736777756565,57.3441941111 308.320736778 134.335069111
1000000.0,75,1.6433550377564118e-25,-115399.99999999999,228.55555841041132,58.32056422220052,57.3443428889 308.320564222 134.335092889
1000000.0,76,1.3680320636888756e-25,-115399.99999999999,228.55555818303765,58.32039166664447,57.3444916667 308.320391667 134.335116667
1000000.0,77,5.363412703870644e-26,-115399.99999999999,228.5555580125074,58.320219111087965,57.3446404445 308.320219111 134.335140444
1000000.0,78,8.84416152577703e-25,-115399.99999999999,228.55555846725474,58.32004655553129,57.3447892222 308.320046556 134.335164222
1000000.0,79,5.2734446953519976e-24,-115399.99999999999,228.55555949043628,58.319873999974845,57.344938 308.319874 134.335188
1000000.0,80,2.5731590913769108e-26,-115399.99999999999,228.55555960412312,58.31970144441942,57.3450867778 308.319701444 134.335211778
1000000.0,81,1.6978811035252881e-25,-115399.99999999999,228.55555943359286,58.31952888886332,57.3452355556 308.319528889 134.335235556
1000000.0,82,4.405840746386365e-26,-115399.99999999999,228.55555943359286,58.3193563333071,57.3453843334 308.319356333 134.335259333
1000000.0,83,2.031937401522879e-25,-115399.99999999999,228.55555931990602,58.31918377775105,57.3455331111 308.319183778 134.335283111
1000000.0,84,8.28813028719565e-25,-115399.99999999999,228.5555589788455,58.31901122219506,57.3456818889 308.319011222 134.335306889
1000000.0,85,2.407797016609942e-24,-115399.99999999999,228.555558637785,58.31883866663895,57.3458306667 308.318838667 134.335330667
1000000.0,86,6.818619156659142e-25,-115399.99999999999,228.55555931990602,58.318666111081654,57.3459794445 308.318666111 134.335354444
1000000.0,87,3.5021216933651742e-25,-115399.99999999999,228.55555909253235,58.318493555526004,57.3461282223 308.318493556 134.335378222
1000000.0,88,4.680490559148112e-25,-115399.99999999999,228.55555909253235,58.318320999969615,57.346277 308.318321 134.335402
1000000.0,89,5.565697676260118e-25,-115399.99999999999,228.5555589220021,58.31814844441362,57.3464257778 308.318148444 134.335425778
1000000.0,90,4.584228492420343e-26,-115399.99999999999,228.55555914937577,58.31797588885695,57.3465745556 308.317975889 134.335449556
1000000.0,91,1.7195905556369704e-24,-115399.99999999999,228.5555598883402,58.31780333330039,57.3467233334 308.317803333 134.335473333
1000000.0,92,9.579590252351072e-25,-115399.99999999999,228.55555971780996,58.31763077774485,57.3468721111 308.317630778 134.335497111
1000000.0,93,2.155125920482192e-25,-115399.99999999999,228.5555601157139,58.31745822218812,57.3470208889 308.317458222 134.335520889
1000000.0,94,3.130704942896316e-25,-115399.99999999999,228.5555598883402,58.3172856666323,57.3471696667 308.317285667 134.335544667
1000000.0,95,8.909289882112077e-26,-115399.99999999999,228.5555601725573,58.3171131110754,57.3473184445 308.317113111 134.335568444
1000000.0,96,5.852800973178954e-25,-115399.99999999999,228.55556057046124,58.31694055551873,57.3474672223 308.316940556 134.335592222
1000000.0,97,3.269712752541661e-25,-115399.99999999999,228.55556034308756,58.316767999963076,57.347616 308.316768 134.335616
1000000.0,98,6.120046011577027e-25,-115399.99999999999,228.5555601157139,58.316595444407085,57.3477647778 308.316595444 134.335639778
1000000.0,99,1.5950557140660798e-25,-115399.99999999999,228.5555598314968,58.316422888850695,57.3479135556 308.316422889 134.335663556
1000000.0,100,5.846405940773963e-26,-115399.99999999999,228.55555977465337,58.316250333294136,57.3480623334 308.316250333 134.335687333
100000000.0,1,4440.666666666666,-115399.99999999999,6666666666.666669,58.333333333333314,57.3333333333 308.333333333 134.333333333
100000000.0,2,4440.666432797782,-115399.99999999999,228.5555238723755,58.33333160777812,57.3333348211 308.333331608 134.333333571
100000000.0,3,8.433028258266645e-26,-115399.99999999999,228.55554660974303,58.3333298822219,57.3333363089 308.333329882 134.333333809
100000000.0,4,6.77891946865026e-24,-115399.99999999999,228.55542155422154,58.33332815666745,57.3333377967 308.333328157 134.333334047
100000000.0,5,4.669888268581942e-25,-115399.99999999999,228.55537039514456,58.3333264311114,57.3333392844 308.333326431 134.333334284
100000000.0,6,1.2828401346347998e-23,-115399.99999999999,228.55563187487132,58.3333247055528,57.3333407722 308.333324706 134.333334522
100000000.0,7,6.834270157018728e-26,-115399.99999999999,228.55562619052944,58.333322979999934,57.33334226 308.33332298 134.33333476
100000000.0,8,1.2792252584227148e-24,-115399.99999999999,228.55557503145246,58.33332125444474,57.3333437478 308.333321254 134.333334998
100000000.0,9,1.770447892289299e-24,-115399.99999999999,228.55549545066606,58.33331952888932,57.3333452356 308.333319529 134.333335236
100000000.0,10,7.137361034950044e-25,-115399.99999999999,228.55549545066606,58.33331780333265,57.3333467233 308.333317803 134.333335473
100000000.0,11,4.490423464458703e-24,-115399.99999999999,228.55559208447812,58.33331607777683,57.3333482111 308.333316078 134.333335711
100000000.0,12,9.054019562856626e-26,-115399.99999999999,228.5556034531619,58.333314352221805,57.3333496989 308.333314352 134.333335949
100000000.0,13,7.811784518186993e-24,-115399.99999999999,228.55556934711058,58.333312626666384,57.3333511867 308.333312627 134.333336187
100000000.0,14,2.282353407276237e-25,-115399.99999999999,228.55554660974303,58.333310901110735,57.3333526744 308.333310901 134.333336424
100000000.0,15,1.7179917975357222e-24,-115399.99999999999,228.5555238723755,58.3333091755552,57.3333541622 308.333309176 134.333336662
100000000.0,16,1.686841258110355e-24,-115399.99999999999,228.55556934711058,58.33330744999881,57.33335565 308.33330745 134.3333369
100000000.0,17,1.6401575215539159e-25,-115399.99999999999,228.55558640013624,58.33330572444356,57.3333571378 308.333305724 134.333337138
100000000.0,18,1.9848161101176773e-25,-115399.99999999999,228.5555579784268,58.333303998887914,57.3333586256 308.333303999 134.333337376
100000000.0,19,1.8963627145370556e-24,-115399.99999999999,228.55560913750378,58.33330227333175,57.3333601133 308.333302273 134.333337613
100000000.0,20,1.5459149387435124e-25,-115399.99999999999,228.55563187487132,58.3333005477765,57.3333616011 308.333300548 134.333337851
100000000.0,21,1.2140464149897341e-25,-115399.99999999999,228.5556034531619,58.33329882222057,57.3333630889 308.333298822 134.333338089
100000000.0,22,7.800088340498916e-25,-115399.99999999999,228.55566029658075,58.33329709666464,57.3333645767 308.333297097 134.333338327
100000000.0,23,6.142933495973839e-25,-115399.99999999999,228.5557285086834,58.33329537110848,57.3333660644 308.333295371 134.333338564
100000000.0,24,1.8313353323978773e-25,-115399.99999999999,228.55571713999962,58.333293645553624,57.3333675522 308.333293646 134.333338802
100000000.0,25,5.3147767995274175e-25,-115399.99999999999,228.55577966776036,58.33329191999712,57.33336904 308.33329192 134.33333904
100000000.0,26,3.072813070598497e-25,-115399.99999999999,228.55581377381168,58.333290194441815,57.3333705278 308.333290194 134.333339278
100000000.0,27,6.136538463568848e-25,-115399.99999999999,228.5557682990766,58.333288468886394,57.3333720156 308.333288469 134.333339516
100000000.0,28,6.812796311364071e-24,-115399.99999999999,228.5558080894698,58.33328674333006,57.3333735033 308.333286743 134.333339753
100000000.0,29,2.280838794338213e-25,-115399.99999999999,228.55577966776036,58.33328501777498,57.3333749911 308.333285018 134.333339991
100000000.0,30,3.7550788830478845e-24,-115399.99999999999,228.55573987736716,58.33328329221922,57.3333764789 308.333283292 134.333340229
100000000.0,31,6.400585985764425e-25,-115399.99999999999,228.55579103644413,58.333281566662265,57.3333779667 308.333281567 134.333340467
100000000.0,32,7.198113842797464e-25,-115399.99999999999,228.5558421955211,58.33327984110673,57.3333794544 308.333279841 134.333340704
100000000.0,33,4.0317313506943527e-25,-115399.99999999999,228.55579672078602,58.333278115551366,57.3333809422 308.333278116 134.333340942
100000000.0,34,8.611416004300624e-26,-115399.99999999999,228.55579103644413,58.33327638999566,57.33338243 308.33327639 134.33334118
100000000.0,35,4.009853608256223e-25,-115399.99999999999,228.5558421955211,58.333274664438875,57.3333839178 308.333274664 134.333341418
100000000.0,36,1.1312139163124474e-24,-115399.99999999999,228.55582514249545,58.33327293888368,57.3333854056 308.333272939 134.333341656
100000000.0,37,3.7488353119366946e-25,-115399.99999999999,228.5558421955211,58.33327121332752,57.3333868933 308.333271213 134.333341893
100000000.0,38,3.9127500898962186e-26,-115399.99999999999,228.55582514249545,58.333269487771986,57.3333883811 308.333269488 134.333342131
100000000.0,39,4.619569460974245e-25,-115399.99999999999,228.55583082683734,58.33326776221628,57.3333898689 308.333267762 134.333342369
100000000.0,40,1.4515040656066617e-25,-115399.99999999999,228.55583651117922,58.33326603665989,57.3333913567 308.333266037 134.333342607
100000000.0,41,1.0945266251469688e-24,-115399.99999999999,228.55585924854677,58.33326431110402,57.3333928444 308.333264311 134.333342844
100000000.0,42,2.71931923989626e-24,-115399.99999999999,228.55595588235883,58.333262585547516,57.3333943322 308.333262586 134.333343082
100000000.0,43,1.529759067404586e-26,-115399.99999999999,228.55595019801694,58.333260859992606,57.33339582 308.33326086 134.33334332
100000000.0,44,1.2248169958823518e-25,-115399.99999999999,228.5559217763075,58.33325913443673,57.3333973078 308.333259134 134.333343558
100000000.0,45,1.565588077905184e-24,-115399.99999999999,228.5559274606494,58.333257408880286,57.3333987956 308.333257409 134.333343796
100000000.0,46,2.546232639145367e-26,-115399.99999999999,228.55594451367506,58.333255683324865,57.3334002833 308.333255683 134.333344033
100000000.0,47,3.1437137851306804e-24,-115399.99999999999,228.5560070414358,58.33325395776819,57.3334017711 308.333253958 134.333344271
100000000.0,48,1.275808964795838e-25,-115399.99999999999,228.55599567275203,58.333252232213,57.3334032589 308.333252232 134.333344509
100000000.0,49,2.866657420700739e-25,-115399.99999999999,228.55595588235883,58.33325050665701,57.3334047467 308.333250507 134.333344747
100000000.0,50,1.9296168830430126e-25,-115399.99999999999,228.55595019801694,58.333248781100906,57.3334062345 308.333248781 134.333344984
100000000.0,51,5.762597358203282e-25,-115399.99999999999,228.5559672510426,58.33324705554503,57.3334077222 308.333247056 134.333345222
100000000.0,52,1.7614948469223105e-24,-115399.99999999999,228.5559331449913,58.33324532998938,57.33340921 308.33324533 134.33334546
100000000.0,53,7.767776597821065e-25,-115399.99999999999,228.55587061723054,58.333243604433505,57.3334106978 308.333243604 134.333345698
100000000.0,54,6.209913045899805e-27,-115399.99999999999,228.55587061723054,58.333241878877516,57.3334121856 308.333241879 134.333345936
100000000.0,55,5.4536163188463165e-25,-115399.99999999999,228.55583651117922,58.33324015332175,57.3334136733 308.333240153 134.333346173
100000000.0,56,1.7025932326658082e-25,-115399.99999999999,228.55581945815356,58.33323842776548,57.3334151611 308.333238428 134.333346411
100000000.0,57,1.6670839737854598e-25,-115399.99999999999,228.55579103644413,58.33323670220943,57.3334166489 308.333236702 134.333346649
100000000.0,58,9.84717187140204e-25,-115399.99999999999,228.55577966776036,58.33323497665333,57.3334181367 308.333234977 134.333346887
100000000.0,59,6.476821503644982e-25,-115399.99999999999,228.55573987736716,58.33323325109757,57.3334196245 308.333233251 134.333347124
100000000.0,60,8.400548225262346e-25,-115399.99999999999,228.55566598092264,58.33323152554169,57.3334211122 308.333231526 134.333347362
100000000.0,61,9.53482502551613e-25,-115399.99999999999,228.55561482184567,58.33322979998542,57.3334226 308.3332298 134.3333476
100000000.0,62,1.212161563333526e-24,-115399.99999999999,228.55560913750378,58.333228074429144,57.3334240878 308.333228074 134.333347838
100000000.0,63,6.4838896973557635e-25,-115399.99999999999,228.55555229408492,58.333226348873495,57.3334255756 308.333226349 134.333348076
100000000.0,64,1.9045416244023872e-25,-115399.99999999999,228.5555238723755,58.33322462331739,57.3334270633 308.333224623 134.333348313
100000000.0,65,3.042352521511563e-25,-115399.99999999999,228.55550113500794,58.333222897761175,57.3334285511 308.333222898 134.333348551
100000000.0,66,5.866600779947621e-26,-115399.99999999999,228.55548976632417,58.3332211722049,57.3334300389 308.333221172 134.333348789
100000000.0,67,1.873862297891072e-24,-115399.99999999999,228.55550113500794,58.333219446649025,57.3334315267 308.333219447 134.333349027
100000000.0,68,1.2450118350560097e-25,-115399.99999999999,228.55548976632417,58.33321772109326,57.3334330145 308.333217721 134.333349264
100000000.0,69,3.840385249523944e-25,-115399.99999999999,228.5554783976404,58.33321599553682,57.3334345022 308.333215996 134.333349502
100000000.0,70,5.696627550236e-26,-115399.99999999999,228.55546134461474,58.33321426998117,57.33343599 308.33321427 134.33334974
100000000.0,71,6.490957891066543e-26,-115399.99999999999,228.5554386072472,58.33321254442512,57.3334374778 308.333212544 134.333349978
100000000.0,72,9.306455052527348e-26,-115399.99999999999,228.55541586987965,58.33321081886919,57.3334389656 308.333210819 134.333350216
100000000.0,73,5.215822087576495e-25,-115399.99999999999,228.5554329229053,58.33320909331292,57.3334404534 308.333209093 134.333350453
100000000.0,74,1.0667923793484785e-25,-115399.99999999999,228.55541586987965,58.33320736775681,57.3334419411 308.333207368 134.333350691
100000000.0,75,5.221257865120737e-24,-115399.99999999999,228.55548976632417,58.333205642199914,57.3334434289 308.333205642 134.333350929
100000000.0,76,4.972474275533917e-25,-115399.99999999999,228.5555181880336,58.33320391664432,57.3334449167 308.333203917 134.333351167
100000000.0,77,3.633893018973292e-25,-115399.99999999999,228.55553524105926,58.33320219108839,57.3334464045 308.333202191 134.333351404
100000000.0,78,2.20544472808989e-25,-115399.99999999999,228.55554660974303,58.33320046553263,57.3334478922 308.333200466 134.333351642
100000000.0,79,8.774657620954359e-26,-115399.99999999999,228.55554660974303,58.33319873997641,57.33344938 308.33319874 134.33335188
100000000.0,80,1.0243663880511523e-24,-115399.99999999999,228.5555579784268,58.33319701442042,57.3334508678 308.333197014 134.333352118
100000000.0,81,6.876342738630516e-25,-115399.99999999999,228.5555238723755,58.3331952888646,57.3334523556 308.333195289 134.333352356
100000000.0,82,1.2509019964816598e-25,-115399.99999999999,228.5555579784268,58.333193563308214,57.3334538434 308.333193563 134.333352593
100000000.0,83,1.819723299873024e-25,-115399.99999999999,228.55552955671737,58.333191837752224,57.3334553311 308.333191838 134.333352831
100000000.0,84,1.8789614947824203e-25,-115399.99999999999,228.55555229408492,58.333190112195894,57.3334568189 308.333190112 134.333353069
100000000.0,85,6.228424981808991e-26,-115399.99999999999,228.5555636627687,58.33318838663962,57.3334583067 308.333188387 134.333353307
100000000.0,86,1.005198119868822e-25,-115399.99999999999,228.55559208447812,58.3331866610834,57.3334597945 308.333186661 134.333353544
100000000.0,87,2.4065516681942334e-26,-115399.99999999999,228.55558640013624,58.33318493552758,57.3334612822 308.333184936 134.333353782
100000000.0,88,2.392751861425567e-25,-115399.99999999999,228.55556934711058,58.33318320997154,57.33346277 308.33318321 134.33335402
100000000.0,89,5.965892072551438e-26,-115399.99999999999,228.55558640013624,58.33318148441515,57.3334642578 308.333181484 134.333354258
100000000.0,90,3.4516345954310296e-26,-115399.99999999999,228.55557503145246,58.33317975885859,57.3334657456 308.333179759 134.333354496
100000000.0,91,2.0997584030810804e-24,-115399.99999999999,228.5556375592132,58.33317803330192,57.3334672334 308.333178033 134.333354733
100000000.0,92,1.7584656210462618e-25,-115399.99999999999,228.55562050618755,58.33317630774661,57.3334687211 308.333176308 134.333354971
100000000.0,93,8.027448571529016e-27,-115399.99999999999,228.55561482184567,58.33317458219017,57.3334702089 308.333174582 134.333355209
100000000.0,94,1.137962358402978e-24,-115399.99999999999,228.55560913750378,58.33317285663429,57.3334716967 308.333172857 134.333355447
100000000.0,95,2.0659320474652034e-25,-115399.99999999999,228.55563187487132,58.333171131077336,57.3334731845 308.333171131 134.333355684
100000000.0,96,3.6579585356552345e-25,-115399.99999999999,228.55558640013624,58.33316940552203,57.3334746723 308.333169406 134.333355922
100000000.0,97,4.093460242435167e-24,-115399.99999999999,228.55566029658075,58.33316767996473,57.33347616 308.33316768 134.33335616
100000000.0,98,2.0952145642670074e-26,-115399.99999999999,228.55566598092264,58.33316595440908,57.3334776478 308.333165954 134.333356398
100000000.0,99,6.988424096044316e-25,-115399.99999999999,228.55570008697396,58.333164228852354,57.3334791356 308.333164229 134.333356636
100000000.0,100,3.6047787924979355e-26,-115399.99999999999,228.55571145565773,58.33316250329699,57.3334806234 308.333162503 134.333356873
