rho,iter,conv,bound,wmax,xerr,xbar
0.1,1,4449.382716049382,-115405.55555555555,6.666666666666669,58.333333333333314,57.2222222222 308.333333333 134.444444444
0.1,2,4449.382715055846,-114960.61728395062,13.333333332690069,58.33333333460348,57.2222222234 308.333333335 134.444444442
0.1,3,4449.38271496551,-114515.67901239534,19.999999998640323,58.33333333448661,57.2222222235 308.333333334 134.444444442
0.1,4,4449.382715053062,-114070.7407408446,26.666666664696887,58.33333333528549,57.2222222231 308.333333335 134.444444442
0.1,5,4449.382715119364,-113625.80246928948,33.33333333083935,58.33333333599194,57.2222222227 308.333333336 134.444444441
0.1,6,2004.9382708630997,-113366.97530876215,34.99999999925052,35.55555555996585,82.2222222115 283.333333348 134.44444444
0.1,7,2004.9382704780428,-113166.48148163874,36.666666681185255,35.55555555911593,82.2222221424 283.333333417 134.444444441
0.1,8,2004.938270222039,-112965.9876545346,39.16666667715735,35.55555556094947,82.2222221438 283.333333417 134.444444439
0.1,9,2004.9382700457934,-112765.49382744325,43.999999991950666,35.555555562380135,82.2222221457 283.333333417 134.444444438
0.1,10,2004.9382696271891,-112565.00000036071,48.888888878727585,35.55555556211601,82.2222221256 283.333333437 134.444444438
0.1,11,984.807959814592,-112440.12345550884,50.981481488135344,49.537036948486985,96.203703522 283.333333426 120.462963052
0.1,12,1029.0961707755407,-112362.86008144343,52.500000037513445,55.61728379380892,102.283950417 283.333333377 114.382716206
0.1,13,1011.3858833915419,-112230.198903007,55.83333337266996,55.01028806172063,101.676954704 283.333333357 114.989711938
0.1,14,969.9951670495751,-112107.78920792717,59.16666670695397,52.57887555815623,99.2455422076 283.333333351 117.421124442
0.1,15,967.6924324691408,-112017.00122081526,62.50000004042553,51.160266119293055,97.8269327705 283.333333349 118.839733881
0.1,16,968.3136274536337,-111917.07108399125,65.83333337352387,51.02499673915574,97.6916633926 283.333333347 118.975003261
0.1,17,966.934949002989,-111816.26921116505,69.16666670653058,51.407686581581316,98.0743532377 283.333333344 118.592313418
0.1,18,966.6734680079128,-111720.91002086125,72.50000003944535,51.70790306358654,98.3745697218 283.333333342 118.292096936
0.1,19,966.7184839354907,-111623.8676447874,75.8333333722189,51.78048422989252,98.4471508893 283.333333341 118.21951577
0.1,20,966.6821080434272,-111526.16397364257,79.16666670481848,51.72879949376372,98.395466154 283.33333334 118.271200506
0.1,21,966.6667144904227,-111429.33321010957,82.50000003723541,51.6701492527737,98.3368159137 283.333333339 118.329850747
0.1,22,966.6680181782847,-111332.68898684769,85.83333336883531,51.6482774439842,98.3149441027 283.333333341 118.351722556
0.1,23,966.6673857747205,-111235.90381195518,89.16666670023608,51.65324622173331,98.3199128823 283.333333339 118.346753778
0.1,24,966.6666967467518,-111139.18929900922,92.50000003128068,51.66384935101193,98.330516015 283.333333336 118.336150649
0.1,25,966.6666913046154,-111042.54830113475,95.83333336183715,51.66926178398947,98.3359284574 283.333333327 118.330738216
0.1,26,662.02933692337,-111042.54830113475,98.22916479080872,42.29431678647556,98.3360024734 273.958314313 127.705683214
0.1,27,668.3929424742092,-111042.54830113475,100.35420927289812,36.45968616477188,95.2092413438 271.250444821 133.540313835
0.1,28,673.1232674177687,-110927.46546940572,102.50700312128544,35.312527750314814,93.7845892662 271.527938484 134.68747225
0.1,29,652.9111940816288,-110785.09500519244,104.77318314122824,37.08268457660165,94.420884377 272.6618002 132.917315423
0.1,30,640.531361286706,-110718.41995401986,107.15065818895616,39.426420575763615,95.6516700984 273.774750477 130.573579424
0.1,31,641.1750459192116,-110657.86893088251,109.59495578348718,40.8850779591732,96.4421020138 274.442975945 129.114922041
0.1,32,642.060932224279,-110589.29947466987,112.05253805606866,41.17186755102375,96.5960448251 274.575822726 128.828132449
0.1,33,640.7979986217765,-110519.16506008616,114.48866018868611,40.72932873540725,96.3681074092 274.361221326 129.270671265
0.1,34,640.0308454825007,-110460.54847986216,116.89588370584595,40.14339510218511,96.0711599305 274.072235172 129.856604898
0.1,35,640.0734450766693,-110398.8156706419,119.28489555331133,39.77873073809991,95.8886122633 273.890118475 130.221269262
0.1,36,640.1287438404302,-110331.37807055656,121.67026335947455,39.70703316380613,95.8533551021 273.853678062 130.292966836
0.1,37,640.0498668277253,-110262.7944636964,124.06113958288243,39.81766775952272,95.9089055253 273.908762234 130.18233224
0.1,38,640.0019269293077,-110198.23864928648,126.45934206497843,39.96415113843267,95.9821263174 273.982024821 130.035848862
0.1,39,640.0045891604946,-110134.42346728193,128.86210743361448,40.05531722075966,96.0276635343 274.027653686 129.944682779
0.1,40,640.0080456306368,-110070.13762197917,131.26577020167034,40.07324161589253,96.0366139352 274.036627681 129.926758384
0.1,41,640.0031157870678,-110005.7592603213,133.6680496673229,40.045582970018586,96.0227883134 274.022794657 129.95441703
0.1,42,640.0001194963226,-109942.09999978398,136.06849777108064,40.0089621250242,96.0044810873 274.004481038 129.991037875
0.1,43,640.0002858333874,-109878.24040395091,138.46780625402468,39.98617059981933,95.9930857703 273.99308483 130.0138294
0.1,44,640.0005018037212,-109814.02372367584,140.866890720407,39.98168949347914,95.9908448295 273.990844664 130.018310507
0.1,45,640.0001936240059,-109749.73685420668,143.26632094015883,39.98860414622868,95.9943019486 273.994302198 130.011395854
0.1,46,640.0000062853358,-109685.7023951234,145.6662089209448,39.99775934887819,95.9988795409 273.998879808 130.002240651
0.1,47,640.0000166044892,-109621.71397166667,148.06638179273392,40.00345722190423,96.0017285039 274.001728718 129.996542778
0.1,48,640.0000300185787,-109557.69610891232,150.466610677455,40.004577490096125,96.0022886428 274.002288847 129.99542251
0.1,49,640.0000105087524,-109493.67245798266,152.866753130095,40.00284881125384,96.0014242847 274.001424527 129.997151189
0.1,50,639.9999985897455,-109429.69373637141,155.2667811436737,40.000559989315775,96.0002798534 274.000280136 129.999440011
0.1,51,639.9999984410578,-109365.70251209836,157.6667379368002,39.99913547333762,95.9995675419 273.999567931 130.000864527
0.1,52,639.9999988566208,-109301.6889712447,160.0666807278752,39.99885535022713,95.9994274393 273.999427911 130.00114465
0.1,53,639.9999986040548,-109237.67104271994,162.46664512219664,39.99928752463887,95.9996435813 273.999643943 130.000712475
0.1,54,639.9999976495214,-109173.66890345333,164.86663812671898,39.99985975119412,95.9999297058 273.999930045 130.000140249
0.1,55,639.999997289717,-109109.6696271028,167.26664894036728,40.00021587344037,96.0001077368 274.000108137 129.999784127
0.1,56,639.9999968320839,-109045.66851063637,169.66666325777152,40.000285861326915,96.0001426871 274.000143174 129.999714139
0.1,57,639.9999960805933,-108981.6670324156,172.0666721752408,40.000177759477424,96.0000885845 274.000089175 129.999822241
0.1,58,639.999995114996,-108917.66834844826,174.466673942708,40.000034624628,96.0000169498 274.000017675 129.999965375
0.1,59,639.9999937876306,-108853.66889738469,176.86667126286505,39.999945485126574,95.9999722833 273.999973202 130.000054515
0.1,60,639.9999916679458,-108789.66805148778,179.26666771530375,39.999927824062155,95.9999632995 273.999964525 130.000072176
0.1,61,639.9999884747498,-108725.66693155472,181.6666655298933,39.9999545992747,95.9999764531 273.999978146 130.000045401
0.1,62,639.9999835189351,-108661.66681063242,184.0666651505577,39.999989997825935,95.9999937909 273.999996207 130.000010002
0.1,63,639.999975869983,-108597.66685582686,186.46666591168855,40.00001168912388,96.0000040776 274.000007612 129.999988311
0.1,64,639.9999638248191,-108533.66678592414,188.86666693520073,40.00001517920592,96.0000049438 274.000010235 129.999984821
0.1,65,639.9999436777277,-108469.66669321258,191.26666769485846,40.00000698437535,95.9999993875 274.000007597 129.999993016
0.1,66,325.00003888868986,-108469.66669321258,192.9166680374653,32.50000218872367,95.9999987624 266.500003426 137.499997811
0.1,67,156.99988848978802,-108469.66669321258,193.7166680979401,21.499995361387704,93.4999947556 258.000000606 148.500004639
0.1,68,100.24999485722326,-108469.66669321258,193.71666768809013,10.249996630692351,90.2499966307 249.999995906 159.750007464
0.1,69,132.3291002168221,-108469.66669321258,193.083339501542,7.666552523493024,87.6665525235 243.666718143 168.666729333
0.1,70,54.04899895510981,-108469.66669321258,192.3125034158942,7.708360856447001,81.4999872224 242.291639144 176.208373634
0.1,71,41.82661488987293,-108469.66669321258,191.62916427215563,11.45832675932752,75.3750646678 243.166608573 181.458326759
0.1,72,59.680402525952886,-108469.66669321258,191.05277183861497,13.79159172557371,71.9723326091 244.236075665 183.791591726
0.1,73,58.23547678610666,-108429.26060620233,190.5493013649999,13.28928163045606,71.7454231054 244.965295264 183.28928163
0.1,74,38.93313178396967,-108397.30353764968,190.12091091541396,10.93589903656607,73.3480054585 245.716095505 180.935899037
0.1,75,15.63315723466966,-108397.30353764968,189.80121376382564,7.152099191617083,76.0448723234 246.803028485 177.152099192
0.1,76,2.4543264587431572,-108397.30353764968,189.63957351897005,2.806918030357963,78.8094844182 248.383597551 172.80691803
0.1,77,0.8169619640434119,-108397.30353764968,189.66341965494277,1.2818920473230264,81.0434306784 250.238461369 168.718107953
0.1,78,6.184480626810897,-108397.30353764968,189.857597785126,4.475577999376867,82.5337966906 251.941781309 165.524422001
0.1,79,12.271618693222088,-108397.30353764968,190.16767406060066,6.391050723513672,83.2902879626 253.100762761 163.608949276
0.1,80,14.38032029076227,-108397.30353764968,190.51910334802164,6.9221025143518204,83.4078096341 253.51429288 163.077897486
0.1,81,11.593068703873382,-108396.5548999815,190.83971363393576,6.2109632798147345,83.0048604143 253.206102866 163.78903672
0.1,82,6.312638474649141,-108396.5548999815,191.07627287164232,4.583189266717596,82.2175968823 252.365592384 165.416810733
0.1,83,1.8208113853559489,-108396.5548999815,191.201783781459,2.462850339568149,81.2077412325 251.255109107 167.53714966
0.1,84,0.02479413023705257,-108396.5548999815,191.21472353990646,0.2854215973015357,80.1560240128 250.129397584 169.714578403
0.1,85,0.7470343334496248,-108396.5548999815,191.13337437274555,1.5766723799983424,79.2368192916 249.186508328 171.57667238
0.1,86,2.4642497229098526,-108396.5548999815,190.98824254947,2.865638557347637,78.5856796754 248.548681767 172.865638557
0.1,87,3.5960576723938322,-108396.5548999815,190.8145418965956,3.462170587355189,78.2748359413 248.262993471 173.462170587
0.1,88,3.431911102006894,-108396.5548999815,190.64576211176353,3.3822521835843986,78.3055456647 248.312202152 173.382252184
0.1,89,2.2720392224541053,-108390.93147384177,190.50879375799792,2.751944842247781,78.6177386954 248.630316462 172.751944842
0.1,90,0.9378231862337807,-108390.93147384177,190.42085467478174,1.7680313060763808,79.1113595261 249.120609168 171.768031306
0.1,91,0.12809622303510962,-108390.93147384177,190.38833114465584,0.6534315572179707,79.671803744 249.674764699 170.653431557
0.1,92,0.044308862305513626,-108390.93147384177,190.40746330677212,0.38430664179799123,80.1929850207 250.191321621 169.615693358
0.1,93,0.4212988576308979,-108390.93147384177,190.46655799921908,1.1850371530753137,80.5940902286 250.590946924 168.814962847
0.1,94,0.8215250482500689,-108390.93147384177,190.54918275098441,1.6548135525514454,80.8285660253 250.826247527 168.345186447
0.1,95,0.9403920411055814,-108390.93147384177,190.6376699929419,1.7704912412405633,80.8856188123 250.884872429 168.229508759
0.1,96,0.7411743015373337,-108390.93147384177,190.71628100147237,1.5718081142238418,80.785698019 250.786110095 168.428191886
0.1,97,0.39280192582883217,-108390.93147384177,190.77353379418597,1.144263388234151,80.5717354611 250.572527927 168.855736612
0.1,98,0.10701806791352958,-108390.93147384177,190.80342638053654,0.5972657019804046,80.2983398385 250.298925864 169.402734298
0.1,99,0.000526453064175857,-108390.93147384177,190.80553036094327,0.041890137097567504,80.020850333 250.021039804 169.958109863
0.1,100,0.05493066647027626,-108390.93147384177,190.78412995103187,0.4279044342924294,79.7860996648 249.785995901 170.427904434
1.0,1,4449.382716049382,-115405.55555555555,66.66666666666669,58.333333333333314,57.2222222222 308.333333333 134.444444444
1.0,2,1458.3964205555098,-112378.3950617284,91.4629628887331,40.16666666045643,87.037037101 283.129629559 129.83333334
1.0,3,743.2493479797658,-112378.3950617284,113.58024717235358,42.38888854868482,100.271604179 272.11728437 127.611111451
1.0,4,712.156354494706,-111905.77499423567,136.19958876723322,42.30555517025441,99.6862134607 272.61934171 127.69444483
1.0,5,642.9515586895227,-110093.7882964289,160.42352564851205,41.11111080877092,96.8871739271 274.223936882 128.888889191
1.0,6,640.9741668796019,-109499.51608354265,184.7143921485642,39.958333078439864,95.6674665769 274.290866502 130.041666922
1.0,7,640.7883541022974,-108931.80447633189,208.57495061586292,39.402777551261124,95.5422190646 273.860558487 130.597222449
1.0,8,306.17903633318303,-108931.80447633189,221.90905852520598,29.044806877257116,95.7106989063 263.334107971 140.955193123
1.0,9,62.2443682828763,-108931.80447633189,224.84022245143802,17.15950098372727,94.2283370124 252.931163972 152.840499016
1.0,10,45.18287160528078,-108931.80447633189,218.65003207935916,13.918685804481882,93.9186858045 243.809809639 162.271504556
1.0,11,102.15027710915297,-108931.80447633189,207.52879274858958,12.884195944785077,92.8841959448 238.878760851 168.237043204
1.0,12,85.89213561427837,-108931.80447633189,196.82725792947713,10.701534778167002,89.174343767 239.298465222 171.527191011
1.0,13,35.238688303118025,-108931.80447633189,189.9727034043752,6.854554492575602,83.7508550257 243.145445507 173.103699467
1.0,14,4.7861744862874644,-108740.22186819224,187.68888037988387,3.9001714341795832,78.3836515506 247.716177015 173.900171434
1.0,15,15.33819680321086,-108740.22186819224,188.04956069714123,4.274550411798103,75.7254495882 250.360680317 173.913870094
1.0,16,15.559029078510516,-108626.5894007096,188.89755771371705,4.120970980397999,75.8790290196 250.847997017 173.272973964
1.0,17,4.9581334868714215,-108468.61229769792,189.1265347660476,2.4223745347634633,77.5776254652 250.228977108 172.193397427
1.0,18,0.2723808757400867,-108468.61229769792,188.74587644158706,0.9281845475438502,79.4524737328 249.61934172 170.928184548
1.0,19,0.6950811395926613,-108468.61229769792,188.30690082597135,0.7198326362160117,80.7198326362 249.561024419 169.719142945
1.0,20,1.2340376770510435,-108468.61229769792,188.30657041088307,1.2419129850207042,81.241912985 249.999669615 168.7584174
1.0,21,1.230128168209057,-108468.61229769792,188.89277915982902,1.8352568008161256,81.249048022 250.586208779 168.164743199
1.0,22,1.229975519727199,-108468.5254678366,189.88397493428883,2.024109183432728,81.0329133763 250.991195807 167.975890817
1.0,23,1.0622133596153909,-108425.48940175503,190.95089324617933,1.8441346570121482,80.7772163081 251.066918349 168.155865343
1.0,24,0.6251883303773291,-108420.92954738828,191.799573677625,1.3868001292963186,80.5381196561 250.848680473 168.613199871
1.0,25,0.19371032109352004,-108420.92954738828,192.26970587186415,0.7745546909474115,80.3044224509 250.47013224 169.225445309
1.0,26,0.005542775467327898,-108420.92954738828,192.34254937587662,0.13525773747340963,80.0624141849 250.072843553 169.864742263
1.0,27,0.05555098035766781,-108420.92954738828,192.09632023053223,0.42003265252418487,79.8261964429 249.753770905 170.420032653
1.0,28,0.2011921631064521,-108420.92954738828,191.65111547788507,0.8127691773712797,79.6324355253 249.554795297 170.812769177
1.0,29,0.30361731592845925,-108420.92954738828,191.12810766800303,1.0045880662609648,79.5184196947 249.476992239 171.004588066
1.0,30,0.2982095968947821,-108420.92954738828,190.62830106484353,0.997005784480649,79.5028007714 249.500193444 170.997005784
1.0,31,0.20411371073442103,-108392.04572715145,190.22509444087638,0.8245195804537389,79.5786869981 249.596793422 170.82451958
1.0,32,0.08876079410179916,-108392.04572715145,189.9631188816602,0.5433611458619225,79.7186143698 249.738024484 170.543361146
1.0,33,0.014376610330188206,-108392.04572715145,189.85904617664673,0.21850226069031464,79.8855704024 249.895927337 170.218502261
1.0,34,0.0023568206786797065,-108392.04572715145,189.90368734942408,0.0886305197154229,80.0439893061 250.044641214 169.91136948
1.0,35,0.032641192054856896,-108392.04572715145,190.06632541839085,0.3298027514858006,80.1671646422 250.162638109 169.670197249
1.0,36,0.0679310161945149,-108392.04572715145,190.30180539008708,0.4758124910274546,80.2403324789 250.235480012 169.524187509
1.0,37,0.08055810526270026,-108392.04572715145,190.55960335655746,0.5181852002093308,80.2603871928 250.257798007 169.4818148
1.0,38,0.06546357700135903,-108392.04572715145,190.79308764508178,0.4671316020136089,80.2336472716 250.23348433 169.532868398
1.0,39,0.03606748559875632,-108392.04572715145,190.96701927322437,0.3467316829306526,80.1728000119 250.173931671 169.653268317
1.0,40,0.010672827499914753,-108392.04572715145,191.06193070578107,0.18860981801788057,80.0936983415 250.094911476 169.811390182
1.0,41,0.00019385773643959726,-108392.04572715145,191.074957637821,0.02540664282159355,80.0123796662 250.013026977 169.974593357
1.0,42,0.003955813574351411,-108392.04572715145,191.01756275307827,0.11483042890728257,79.9425644107 249.94260516 170.114830429
1.0,43,0.013554094428811888,-108392.04572715145,190.91114314097965,0.21255623705553717,79.8938633299 249.893580433 170.212556237
1.0,44,0.02005733442955858,-108392.04572715145,190.7817072866735,0.25856835944122736,79.87086745 249.870564191 170.258568359
1.0,45,0.019326951898587054,-108392.04572715145,190.65471781499588,0.2538170582617738,79.873172369 249.873010573 170.253817058
1.0,46,0.012923704452788412,-108390.53352875059,190.5509353015597,0.20755478902879076,79.8962276804 249.896217531 170.207554789
1.0,47,0.005419855873365022,-108390.53352875059,190.48376542828964,0.13441042556542016,79.9327594043 249.93283017 170.134410426
1.0,48,0.0007819898832663838,-108390.53352875059,190.4582757924787,0.05105504451563547,79.9744345483 249.974510407 170.051055045
1.0,49,0.0002173566359395948,-108390.53352875059,190.47175447372132,0.02691695442786113,80.0134382304 250.013478724 169.973083046
1.0,50,0.0022920167151778137,-108390.53352875059,190.51545945598684,0.08740746899337637,80.043702444 250.043705025 169.912592531
1.0,51,0.004557041040875965,-108390.53352875059,190.57707475221142,0.12324832818728737,80.0616329893 250.061615339 169.876751672
1.0,52,0.005272781636883012,-108390.53352875059,190.64335241222884,0.13257433220067583,80.0662966294 250.066277703 169.867425668
1.0,53,0.004194935231651297,-108390.53352875059,190.70247247020905,0.11825029024311107,80.0591301892 250.059120101 169.88174971
1.0,54,0.002250136032118262,-108390.53352875059,190.7457747294517,0.08660521762899975,80.043302915 250.043302303 169.913394782
1.0,55,0.0006292939910318848,-108390.53352875059,190.7686769736557,0.04580013184232712,80.0228978441 250.022902288 169.954199868
1.0,56,5.197906923069101e-06,-108390.53352875059,190.77076058564106,0.004162549481520728,80.0020788937 250.002083656 169.995837451
1.0,57,0.0002925796894062964,-108390.53352875059,190.75514722654262,0.031229183123087978,79.9843841321 249.984386685 170.031229183
1.0,58,0.0009246571365895914,-108390.53352875059,190.7273885654253,0.05551741915851949,79.9722411981 249.972241383 170.055517419
1.0,59,0.0013268650028112569,-108390.53352875059,190.69413563137584,0.06650470245776319,79.9667481878 249.96674711 170.066504702
1.0,60,0.001251045209142896,-108390.53352875059,190.66184668711867,0.06457664499706084,79.9677122555 249.967711099 170.064576645
1.0,61,0.0008176776905561042,-108390.21527903214,190.63574276899027,0.05220714678617355,79.9738967277 249.973896125 170.052207147
1.0,62,0.0003306339469410617,-108390.21527903214,190.61914370527947,0.03319803126936449,79.983400989 249.98340098 170.033198031
1.0,63,4.19431255581414e-05,-108390.21527903214,190.61323177173915,0.01182408731722262,79.9940878028 249.99408811 170.011824087
1.0,64,1.8999716325117406e-05,-108390.21527903214,190.6172110032663,0.007958223019102206,80.0039789482 250.003979275 169.992041777
1.0,65,0.0001603195693057683,-108390.21527903214,190.62876961416768,0.023117120439650307,80.0115584663 250.011558654 169.97688288
1.0,66,0.0003052185519982262,-108390.21527903214,190.64471793590783,0.03189669103787196,80.015948326 250.015948365 169.968103309
1.0,67,0.00034469864377072694,-108390.21527903214,190.66166631940433,0.03389689439481458,80.0169484676 250.016948427 169.966103106
1.0,68,0.0002684577950903099,-108390.21527903214,190.67662338180787,0.02991425801940295,80.0149571522 250.014957106 169.970085742
1.0,69,0.00014009290776489277,-108390.21527903214,190.68742817950405,0.02160969472132024,80.0108048536 250.010804841 169.978390305
1.0,70,3.688020035247598e-05,-108390.21527903214,190.69297195804816,0.01108761963263305,80.0055437976 250.005543822 169.98891238
1.0,71,6.661962174711636e-08,-108390.21527903214,190.69320758518876,0.00047129724265460027,80.0002356265 250.000235671 169.999528703
1.0,72,2.1442235050978934e-05,-108390.21527903214,190.6889804756489,0.00845417752401545,79.9957728884 249.995772934 170.008454178
1.0,73,6.292799131329874e-05,-108390.21527903214,190.68173893395877,0.014483033580290794,79.9927584645 249.992758502 170.014483034
1.0,74,8.76541728746251e-05,-108390.21527903214,190.67319228894985,0.01709323144712016,79.99145337 249.991453399 170.017093231
1.0,75,8.088071783440525e-05,-108390.21527903214,190.66498250011074,0.01641951467377112,79.9917902307 249.991790255 170.016419515
1.0,76,5.1652500296292146e-05,-108390.07521268472,190.65842172439235,0.013121488532874537,79.9934392438 249.993439268 170.013121489
1.0,77,2.0104493539551982e-05,-108390.07521268472,190.65432858956763,0.008186209006169065,79.9959068823 249.995906909 170.008186209
1.0,78,2.2018593508035515e-06,-108390.07521268472,190.6529740113087,0.002709098281655997,79.9986454365 249.998645465 170.002709098
1.0,79,1.5961598857077224e-06,-108390.07521268472,190.65412732614124,0.0023066866710905742,80.0011533284 250.001153358 169.997693313
1.0,80,1.1170360442501424e-05,-108390.07521268472,190.65717833227922,0.006102069352351691,80.0030510198 250.00305105 169.993897931
1.0,81,2.0407998791020183e-05,-108390.07521268472,190.6613022465819,0.008247886427568574,80.0041239287 250.004123958 169.991752114
1.0,82,2.2505802406764794e-05,-108390.07521268472,190.66563293195728,0.008661429335802495,80.0043307006 250.004330729 169.991338571
1.0,83,1.715709489817566e-05,-108390.04616008823,190.6694141457435,0.007562486696883752,80.0037812295 250.003781257 169.992437513
1.0,84,8.703467182108792e-06,-108390.04616008823,190.672107264381,0.005386296587147399,80.0026931345 250.002693162 169.994613703
1.0,85,2.146751300239132e-06,-108390.04616008823,190.67344478405053,0.0026750986003776234,80.0013375355 250.001337563 169.997324901
1.0,86,2.7237712666332575e-10,-108390.04616008823,190.67342971802867,3.0072955212290253e-05,79.9999849496 249.999984977 170.000030073
1.0,87,1.5587258113034315e-06,-108390.04616008823,190.67229000827294,0.002279360552279286,79.9988603057 249.998860334 170.002279361
1.0,88,4.272747214179188e-06,-108390.04616008823,190.67040304701428,0.0037738635915616214,79.9981130542 249.998113082 170.003773864
1.0,89,5.782563928223453e-06,-108390.04616008823,190.66820786971795,0.004390295726864224,79.9978048381 249.997804866 170.004390296
1.0,90,5.222481755921426e-06,-108390.04616008823,190.66612170864303,0.004172263419548017,79.9979138542 249.997913882 170.004172263
1.0,91,3.257585189157848e-06,-108390.02432805048,190.6644740878719,0.003295182800115981,79.9983523945 249.998352423 170.003295183
1.0,92,1.2182296912459774e-06,-108390.02432805048,190.66346652086327,0.002015075423344115,79.9989924481 249.998992476 170.002015075
1.0,93,1.1255508272685165e-07,-108390.02432805048,190.6631602597707,0.0006124636088884472,79.999693754 249.999693782 170.000612464
1.0,94,1.300502703643776e-07,-108390.02432805048,190.6634894637715,0.0006584666080016177,80.0003292191 250.000329247 169.999341533
1.0,95,7.754885949112854e-07,-108390.02432805048,190.66429335468857,0.0016078404544259683,80.0008039061 250.000803934 169.99839216
1.0,96,1.362300859746432e-06,-108390.02432805048,190.66535883616496,0.0021310216943959404,80.0010654967 250.001065525 169.997868978
1.0,97,1.467600277734784e-06,-108390.02432805048,190.6664647295907,0.0022118455563884254,80.0011059087 250.001105937 169.997788154
1.0,98,1.0950132635635753e-06,-108390.00900645799,190.66741998401537,0.00191056765504527,80.0009552698 250.000955298 169.998089432
1.0,99,5.395050740382055e-07,-108390.00900645799,190.66809049691025,0.0013410846127612785,80.0006705283 250.000670556 169.998658915
1.0,100,1.2401631125266075e-07,-108390.00900645799,190.668411973061,0.0006430111273516559,80.0003214915 250.00032152 169.999356989
10.0,1,4449.382716049382,-115405.55555555555,666.6666666666669,58.333333333333314,57.2222222222 308.333333333 134.444444444
10.0,2,2539.7659669689633,-115405.55555555555,187.7037035767259,45.162962979628446,68.8462962738 295.16296298 135.990740747
10.0,3,109.84665622430683,-115405.55555555555,180.9135809301887,39.58765430164658,74.2839506602 289.587654302 136.128395038
10.0,4,15.531088049063191,-115405.55555555555,203.66666675898045,36.28765430000038,78.5839506615 286.2876543 135.128395039
10.0,5,2.77239049565893,-114402.22220887625,208.4732511900819,35.39094650884107,81.9226337562 283.468312752 134.609053491
10.0,6,9.22715166700116,-113809.41013301896,217.2421126217364,35.033401913785156,83.5075445665 281.525857347 134.966598086
10.0,7,4.95298718436702,-112727.91722453032,223.66666653797836,34.03340192716911,83.8075445932 280.225857334 135.966598073
10.0,8,5.925422486014904e-14,-112441.11108800488,223.666665858251,33.033401991371704,84.1075447392 278.925857252 136.966598009
10.0,9,7.171340297580525e-15,-112441.11100431193,223.66666612835218,32.03340203339138,84.4075448353 277.625857198 137.966597967
10.0,10,1.2417608834537159e-14,-112441.11100431193,223.66666648702164,31.03340204644536,84.7075448667 276.32585718 138.966597954
10.0,11,1.068889807526219e-15,-112441.11100431193,223.6666665907137,30.03340205095128,85.0075448786 275.025857172 139.966597949
10.0,12,9.697789206127514e-15,-112441.11100431193,223.66666624209415,29.03340207677826,85.3075449462 273.725857131 140.966597923
10.0,13,2.4465211149421583e-14,-112441.11100431193,223.66666677505123,28.033402065694133,85.6075449238 272.425857142 141.966597934
10.0,14,2.027339484968467e-19,-112441.11100431193,223.66666677734884,27.033402054259113,85.9075449008 271.125857153 142.966597946
10.0,15,1.8887014354236168e-19,-112441.11100431193,223.666666778916,26.03340204265433,86.2075448773 269.825857165 143.966597957
10.0,16,1.1857127794983245e-18,-112441.11100431193,223.66666677114324,25.03340203140141,86.5075448534 268.525857178 144.966597969
10.0,17,1.4012281763740985e-17,-112441.11100431193,223.66666673133466,24.0334020219872,86.8075448295 267.225857193 145.966597978
10.0,18,4.0497495390358574e-17,-112441.11100431193,223.66666666102105,23.033402015145782,87.1075448046 265.925857211 146.966597985
10.0,19,2.0365043629801536e-16,-112441.11100431193,223.66666650450554,22.033402014425974,87.40754478 264.625857234 147.966597986
10.0,20,4.091157589088312e-15,-112441.11100431193,223.66666658936197,21.03340202147112,87.7075447946 263.325857227 148.966597979
10.0,21,6.661129899828191e-16,-112441.11100431193,223.66666629681504,20.033402036033976,88.0075448066 262.025857229 149.966597964
10.0,22,3.7448401453449795e-16,-112441.11100431193,223.66666627260315,19.03340205590763,88.3075448274 260.725857228 150.966597944
10.0,23,6.992825290632717e-16,-112441.11100431193,223.6666662378991,18.033402067248204,88.6075448435 259.425857224 151.966597933
10.0,24,7.1359324072650385e-16,-112441.11100431193,223.6666665423337,17.033402067489646,88.9075448558 258.125857212 152.966597933
10.0,25,1.488693080485424e-16,-112441.11100431193,223.66666659057842,16.03340207440283,89.2075448792 256.825857195 153.966597926
10.0,26,5.1066913172340256e-17,-112441.11100431193,223.66666657690615,15.033402075188604,89.5075448885 255.525857187 154.966597925
10.0,27,5.2431862395067085e-15,-112441.11100431193,223.66666681529068,14.033402056261934,89.8075448466 254.22585721 155.966597944
10.0,28,8.969813377560682e-18,-112441.11100431193,223.66666684542963,13.033402036124187,90.1075448043 252.925857232 156.966597964
10.0,29,1.682841834093132e-17,-112441.11100431193,223.6666668801908,12.033402014463803,90.407544761 251.625857253 157.966597986
10.0,30,4.678241253252309e-14,-112441.11100431193,223.66666438058303,11.033402054254083,90.7075446528 250.325857402 158.966597946
10.0,31,0.31631921576182387,-112441.11076368691,217.17236722077388,10.845187160838663,90.8451871608 249.350572371 159.804240471
10.0,32,0.87989707669839,-111629.32362251346,206.34094948158406,10.712044202943147,90.7120442029 248.916858245 160.371097552
10.0,33,0.7669505967652643,-110275.39640553162,196.22857688159684,10.326091941288226,90.3260919413 248.988762743 160.685145316
10.0,34,0.2941158739668268,-109011.34984117246,189.96635284455152,9.78358410100347,89.783584101 249.373778427 160.842637472
10.0,35,0.019393522690614604,-108740.49980742592,188.35830961561356,9.200875117899074,89.2008751179 249.839196317 160.959928565
10.0,36,0.0309297833379654,-108740.49980742592,190.38906590530615,8.872011438132432,88.6689350538 250.203076384 161.127988562
10.0,37,0.10714653690768969,-108722.00612245919,194.16877553873064,8.609458703088393,88.2314877384 250.377970965 161.390541297
10.0,38,0.1018867684526131,-108722.00612245919,197.85454580634138,8.254761713275741,87.8861846849 250.368577028 161.745238287
10.0,39,0.043004151122039945,-108722.00612245919,200.24909937893938,7.8402009059759905,87.6007455465 250.23945536 162.159799094
10.0,40,0.004057840624091176,-108722.00612245919,200.98465727285657,7.407251154145172,87.333695362 250.073555792 162.592748846
10.0,41,0.002842458164560087,-108722.00612245919,200.36903204480126,7.051254557881279,87.0512545579 249.938437479 163.010307963
10.0,42,0.012894619007335337,-108722.00612245919,199.0578178968977,6.736033422917387,86.7360334229 249.868879859 163.395086719
10.0,43,0.013423982011351792,-108722.00612245919,197.7199598113492,6.387365876539192,86.3873658765 249.866215115 163.746419008
10.0,44,0.006206236848345192,-108722.00612245919,196.81029050259895,6.015956667249952,86.0159566672 249.909033791 164.075009542
10.0,45,0.0007727504121610384,-108722.00612245919,196.48930235728074,5.636522863023501,85.636522863 249.967901801 164.395575336
10.0,46,0.00023886790063243118,-108722.00612245919,196.667765388342,5.279397193031343,85.2615503238 250.017846869 164.720602807
10.0,47,0.0015318906031963652,-108722.00612245919,197.11970794958887,4.943071158141436,84.8978763506 250.045194808 165.056928842
10.0,48,0.0017541230317071133,-108722.00612245919,197.6033225359228,4.594654759117958,84.5462927436 250.048362016 165.405345241
10.0,49,0.000885067715731816,-108722.00612245919,197.94684695750306,4.23765025019739,84.2032972486 250.034353002 165.76234975
10.0,50,0.0001379519318832935,-108722.00612245919,198.08246993160338,3.8772551674396425,83.8636923294 250.013562838 166.122744833
10.0,51,1.741384396132742e-05,-108722.00612245919,198.0342843955006,3.522882773775791,83.5228827738 249.99518195 166.481935277
10.0,52,0.0001794057378226998,-108722.00612245919,197.8796210047321,3.1782066352981815,83.1782066353 249.98453423 166.837259135
10.0,53,0.00022731369173795233,-108722.00612245919,197.70552766062735,2.8291781683728487,82.8291781684 249.982591174 167.188230658
10.0,54,0.00012483773998446523,-108722.00612245919,197.57651203433483,2.476924317521238,82.4769243175 249.987098895 167.535976788
10.0,55,2.3485582226839853e-05,-108722.00612245919,197.52055302143646,2.1232715080143976,82.123271508 249.994404555 167.882323937
10.0,56,9.743749526008713e-07,-108722.00612245919,197.53195111955478,1.7710439777771967,81.7699037013 250.001140276 168.228956022
10.0,57,2.0674151470033858e-05,-108722.00612245919,197.58445401013574,1.423099402941915,81.4178487138 250.005250689 168.576900597
10.0,58,2.920276489233876e-05,-108722.00612245919,197.64685354378202,1.0735952315692714,81.0673548909 250.006240341 168.926404768
10.0,59,1.7427220899895646e-05,-108722.00612245919,197.69505757798726,0.7228854619154106,80.7180646752 250.004820787 169.277114538
10.0,60,3.854316994064792e-06,-108722.00612245919,197.7177271377431,0.37160916147831813,80.3693418245 250.002267338 169.628390839
10.0,61,3.108829624227705e-08,-108722.00612245919,197.71572362854698,0.020589922063123822,80.0205899221 249.999800035 169.979610036
10.0,62,0.03604555062576384,-108722.00612245919,197.15099799344983,0.27569056141317105,79.7807814924 249.943527947 170.275690561
10.0,63,0.0830978300761947,-108722.00612245919,195.63432239137057,0.4764758256312689,79.6751912757 249.848332899 170.476475826
10.0,64,0.09976977079301307,-108722.00612245919,193.27124032340294,0.5643841335842978,79.6719237205 249.763692145 170.564384134
10.0,65,0.08865631843099328,-108705.94759318176,190.57934311275517,0.5435770274325478,79.725612689 249.730810283 170.543577027
10.0,66,0.05776278587500325,-108440.75075658444,188.19770197109307,0.4356415975462369,79.8025225135 249.761835889 170.435641598
10.0,67,0.023310009786835416,-108440.75075658444,186.61583246204003,0.27308847072603726,79.8850984776 249.841813052 170.273088471
10.0,68,0.0028086004342924025,-108440.75075658444,186.04055792608733,0.09211278455569527,79.9654146666 249.942472549 170.092112785
10.0,69,0.0016459718206476136,-108440.75075658444,186.4043229542051,0.07405242072962892,80.0376759153 250.036376505 169.925947579
10.0,70,0.012073501377807043,-108440.75075658444,187.45608791953742,0.20018135881616672,80.0950048597 250.1051765 169.799818641
10.0,71,0.022241546955143018,-108440.75075658444,188.86982079262935,0.27192525510031373,80.1305519648 250.14137329 169.728074745
10.0,72,0.02462236873415184,-108440.75075658444,190.33045293569614,0.2863909756585201,80.1403277575 250.146063219 169.713609024
10.0,73,0.018857230610454093,-108406.3511717353,191.58564467413214,0.2507139963748273,80.1251946237 250.125519373 169.749286004
10.0,74,0.009636681044415726,-108406.3511717353,192.4689148078079,0.1791976565450284,80.0908704219 250.088327235 169.820802343
10.0,75,0.0024192843146991056,-108406.3511717353,192.90405592164916,0.08973463546305993,80.0462202872 250.043514348 169.910265365
10.0,76,1.0434563095773843e-06,-108406.3511717353,192.89801285389217,0.000830599548081068,80.0008305995 249.999395933 169.999773468
10.0,77,0.0016606966299220563,-108406.3511717353,192.52559546282896,0.0744011893076788,79.9628403189 249.962758492 170.074401189
10.0,78,0.00462723578025851,-108406.3511717353,191.90781730238683,0.12419067690530028,79.9375869229 249.9382224 170.124190677
10.0,79,0.006306301525403062,-108406.3511717353,191.186281638129,0.14498344613230074,79.9271701161 249.927846438 170.144983446
10.0,80,0.005725436315194097,-108406.3511717353,190.49734014146338,0.13814682967364433,79.9307473154 249.931105854 170.13814683
10.0,81,0.0035921649568965777,-108397.64657969969,189.95031600201202,0.1094251660654777,79.9452772433 249.94529759 170.109425166
10.0,82,0.0013569011621765267,-108397.64657969969,189.61325667323592,0.06725290887976598,79.9664530199 249.966294071 170.067252909
10.0,83,0.0001310647018844822,-108397.64657969969,189.50790823437416,0.02090053345813203,79.9896343067 249.98946516 170.020900533
10.0,84,0.0001349609242626876,-108397.64657969969,189.61350909338677,0.021209878371394097,80.0106497888 250.01056009 169.978790122
10.0,85,0.0008353020980338147,-108397.64657969969,189.87731786796388,0.05276692085101331,80.0263860391 250.026380881 169.947233079
10.0,86,0.0014813582209915594,-108397.64657969969,190.22886600241065,0.07026998409671137,80.0351151663 250.035154818 169.929730016
10.0,87,0.0016050193032594124,-108397.64657969969,190.59479797578348,0.07314422482244254,80.0365510225 250.036593202 169.926855775
10.0,88,0.0012039141235826666,-108393.21010213708,190.91165309936542,0.06334874356156206,80.0316632262 250.031685517 169.936651256
10.0,89,0.0005974823577378844,-108393.21010213708,191.1347961612708,0.04462777554994091,80.022313276 250.0223145 169.955372224
10.0,90,0.00013982178895056882,-108393.21010213708,191.24269001488528,0.021589065490502435,80.0107994837 250.010789582 169.978410935
10.0,91,4.380750138106336e-07,-108393.21010213708,191.23659568357397,0.0012079780235296766,79.9994012572 249.999390764 170.001207978
10.0,92,0.00012005174475068206,-108393.21010213708,191.13654677325968,0.0200041597963434,79.9900007258 249.989995114 170.02000416
10.0,93,0.0003136410308025151,-108393.21010213708,190.97487661029163,0.03233359607409625,79.9838334164 249.983832988 170.032333596
10.0,94,0.00041558275469877196,-108393.21010213708,190.78879230758957,0.03721917261071894,79.9813892524 249.981391574 170.037219173
10.0,95,0.0003693373179680001,-108393.21010213708,190.61336832244507,0.03508727327408678,79.9824551199 249.982457606 170.035087273
10.0,96,0.000226263182591879,-108392.38065545037,190.4760606994506,0.02746279524876627,79.9862679625 249.986269242 170.027462795
10.0,97,8.199220764595364e-05,-108392.38065545037,190.39340104930403,0.016531914812389914,79.9917340457 249.991734039 170.016531915
10.0,98,6.535968439844669e-06,-108392.38065545037,190.37005999336685,0.004667512753655956,79.997666588 249.997665899 170.004667513
10.0,99,1.0790381271541721e-05,-108392.38065545037,190.4000434196763,0.00599742349504595,80.0029990766 250.002998347 169.994002577
10.0,100,5.78397665167502e-05,-108392.38065545037,190.4694678021849,0.01388531668089854,80.0069428738 250.006942443 169.986114683
100.0,1,4449.382716049382,-115405.55555555555,6666.666666666669,58.333333333333314,57.2222222222 308.333333333 134.444444444
100.0,2,4219.626464197887,-115405.55555555555,228.55555555331102,56.60777777779754,58.71 306.607777778 134.682222222
100.0,3,1.0008770738863193e-20,-115405.55555555555,228.5555555446822,54.882222222283076,60.1977777777 304.882222222 134.92
100.0,4,2.0069901635213564e-19,-115405.55555555555,228.555555510849,53.15666666710155,61.6855555553 303.156666667 135.157777778
100.0,5,7.874162047777564e-16,-115405.55555555555,228.55555350650457,51.43111113190349,63.1733333182 301.431111132 135.39555555
100.0,6,0.02889918411898536,-115405.55555555555,218.74073677918227,49.80370376402834,64.6120369948 299.803703764 135.584259247
100.0,7,1.1086316042059476,-115405.55555555555,206.71604668041277,48.784197602822815,65.7467900512 298.784197603 135.469012346
100.0,8,0.5732638748645845,-115405.55555555555,244.5041140982371,48.250010362344085,66.5851645319 298.250010362 135.164825109
100.0,9,0.190951913173197,-113293.98485964359,219.27503628285785,47.84196851237539,67.1712482281 297.841968512 134.98678326
100.0,10,0.0730861466101953,-112945.44104587557,203.66668665722636,47.51196835444205,67.6012484865 297.511968354 134.886783159
100.0,11,1.65911166331961e-13,-112945.44104587557,203.66666444035127,47.18196833253563,68.0312484979 297.181968333 134.78678317
100.0,12,8.21620430737485e-16,-112945.44104587557,203.6666665239013,46.851968314808516,68.4612485155 296.851968315 134.68678317
100.0,13,1.3529404838879256e-16,-112945.44104587557,203.66666637719413,46.521968304784764,68.8912485246 296.521968305 134.586783171
100.0,14,2.800586565439002e-17,-112945.44104587557,203.6666664015686,46.19196829859504,69.32124853 296.191968299 134.486783171
100.0,15,1.1064342125560564e-17,-112945.44104587557,203.66666642567588,45.86196829477467,69.7512485332 295.861968295 134.386783172
100.0,16,4.001235110729618e-18,-112945.44104587557,203.6666664586337,45.53196829240858,70.181248535 295.531968292 134.286783173
100.0,17,1.6915473000551354e-18,-112945.44104587557,203.66666654293817,45.201968290667764,70.6112485367 295.201968291 134.186783173
100.0,18,8.22013546865668e-19,-112945.44104587557,203.6666665484804,44.87196828958491,71.0412485377 294.87196829 134.086783173
100.0,19,3.7881012255707085e-19,-112945.44104587557,203.66666659076054,44.54196828872102,71.4712485387 294.541968289 133.986783173
100.0,20,4.581234693677496e-19,-112945.44104587557,203.66666657187716,44.21196828823747,71.9012485392 294.211968288 133.886783173
100.0,21,4.3732686047205944e-20,-112945.44104587557,203.66666657431574,43.881968287899724,72.3312485396 293.881968288 133.786783172
100.0,22,2.743210145267094e-20,-112945.44104587557,203.6666665725195,43.55196828767549,72.7612485399 293.551968288 133.686783172
100.0,23,1.3557560113887664e-20,-112945.44104587557,203.66666657052997,43.22196828752482,73.1912485401 293.221968288 133.586783172
100.0,24,3.932384118386024e-21,-112945.44104587557,203.66666657521387,42.891968287390114,73.6212485403 292.891968287 133.486783172
100.0,25,2.5661557163682648e-20,-112945.44104587557,203.66666656809707,42.561968287313846,74.0512485403 292.561968287 133.386783172
100.0,26,2.564759182654889e-21,-112945.44104587557,203.6666665657608,42.23196828725918,74.4812485404 292.231968287 133.286783172
100.0,27,2.6046087836865708e-21,-112945.44104587557,203.66666656356097,41.901968287221166,74.9112485404 291.901968287 133.186783172
100.0,28,1.964795956302872e-21,-112945.44104587557,203.66666656614166,41.5719682872097,75.3412485404 291.571968287 133.086783172
100.0,29,4.098986896755692e-23,-112945.44104587557,203.66666656665325,41.24196828719812,75.7712485404 291.241968287 132.986783172
100.0,30,4.727332353622375e-16,-112945.44104587557,203.6666668493981,40.91196829001683,76.2012485284 290.91196829 132.886783182
100.0,31,3.3176551041364344e-17,-112945.44104587557,203.66666708621347,40.581968295195395,76.6312485133 290.581968295 132.786783192
100.0,32,6.854368741671797e-17,-112945.44104587557,203.666666988187,40.251968299378916,77.0612485027 290.251968299 132.686783198
100.0,33,3.299819721326958e-16,-112945.44104587557,203.66666653067705,39.921968298988986,77.4912485025 289.921968299 132.586783198
100.0,34,6.038370279346059e-19,-112945.44104587557,203.66666655877475,39.59196829889004,77.9212485025 289.591968299 132.486783199
100.0,35,7.111644566214576e-17,-112945.44104587557,203.66666680481012,39.261968301262186,78.3512484976 289.261968301 132.386783201
100.0,36,4.6104703599706985e-14,-112945.44104587557,203.6666729805463,38.93196836545013,78.7812483688 288.931968365 132.286783266
100.0,37,4.827207175886618e-14,-112945.44104587557,203.66666665148637,38.6019683663701,79.2112483668 288.601968366 132.186783267
100.0,38,7.513379652134726e-13,-112945.44104587557,203.66669162513654,38.27196861704107,79.6412478639 288.271968617 132.086783518
100.0,39,0.0016920640676689378,-112945.44104587557,204.85414829411775,38.00134166399681,80.0474982278 287.953843435 131.998658336
100.0,40,0.06862933694914293,-112945.44104587557,212.4166289877794,38.01384203856139,80.3024989781 287.711343061 131.986157961
100.0,41,0.10360198345296708,-112945.44104587557,221.70829118284723,37.933425791624984,80.3716664842 287.561759308 132.066574208
100.0,42,0.004602192402944511,-112258.32941431068,223.66664769339218,37.83342597951372,80.4016668593 287.43175912 132.16657402
100.0,43,2.0474893094701652e-13,-112258.32941431068,223.66666077803097,37.73342603616413,80.4316669739 287.301759063 132.266573964
100.0,44,1.7096224770190105e-15,-112258.32941431068,223.66666195276844,37.63342608156873,80.4616670639 287.171759017 132.366573918
100.0,45,2.293566460161143e-14,-112258.32941431068,223.66666636766604,37.533426082465695,80.4916670673 287.041759016 132.466573918
100.0,46,3.687816650132716e-13,-112258.32941431068,223.66664885410637,37.43342625920229,80.5216674207 286.911758839 132.566573741
100.0,47,3.735055770457839e-13,-112258.32941431068,223.66666652478693,37.33342625959369,80.5516674212 286.781758839 132.66657374
100.0,48,3.155612670508693e-13,-112258.32941431068,223.6666502925632,37.23342642183832,80.5816677461 286.651758676 132.766573578
100.0,49,3.1501414774038476e-13,-112258.32941431068,223.66666650967227,37.13342642254079,80.6116677468 286.521758675 132.866573577
100.0,50,1.0139411456400174e-19,-112258.32941431068,223.66666652428103,37.03342642270235,80.6416677478 286.391758675 132.966573577
100.0,51,1.9718334774187537e-19,-112258.32941431068,223.66666654533583,36.93342642298188,80.6716677484 286.261758675 133.066573577
100.0,52,3.038274733137488e-19,-112258.32941431068,223.66666654598953,36.833426423406735,80.7016677484 286.131758675 133.166573577
100.0,53,1.6340530390317287e-20,-112258.32941431068,223.66666654582468,36.73342642346074,80.7316677488 286.001758675 133.266573577
100.0,54,5.166929823213185e-20,-112258.32941431068,223.66666653439347,36.633426423693635,80.7616677491 285.871758674 133.366573576
100.0,55,3.4563285559479063e-20,-112258.32941431068,223.66666654221513,36.53342642377865,80.7916677495 285.741758674 133.466573576
100.0,56,1.6642904082193415e-20,-112258.32941431068,223.6666665468365,36.43342642397536,80.8216677497 285.611758674 133.566573576
100.0,57,9.777472076639383e-21,-112258.32941431068,223.6666665444434,36.333426424194045,80.8516677499 285.481758674 133.666573576
100.0,58,7.699062662296398e-14,-112258.32941431068,223.66665847868057,36.233426503903814,80.8816679103 285.351758594 133.766573496
100.0,59,8.365976236199068e-16,-112258.32941431068,223.6666593091402,36.13342657531487,80.9116680539 285.221758521 133.866573425
100.0,60,2.5244882724293464e-16,-112258.32941431068,223.6666597678268,36.03342664204931,80.9416681885 285.091758454 133.966573358
100.0,61,6.211301689119277e-17,-112258.32941431068,223.66665999457518,35.93342670655062,80.9716683185 284.961758388 134.066573293
100.0,62,1.8197555140746285e-18,-112258.32941431068,223.66666002134275,35.83342677073949,81.0016684476 284.831758323 134.166573229
100.0,63,1.781326869203324e-17,-112258.32941431068,223.66665989257535,35.73342683594308,81.0316685792 284.701758257 134.266573164
100.0,64,5.889217409411216e-18,-112258.32941431068,223.66665979327558,35.633426901610505,81.0616687122 284.571758189 134.366573098
100.0,65,5.2985733445472096e-14,-112258.32941431068,223.66666653302923,35.53342690182211,81.0916687123 284.44175819 134.466573098
100.0,66,1.8978868190494916e-21,-112258.32941431068,223.6666665291525,35.4334269020606,81.1216687124 284.31175819 134.566573098
100.0,67,2.5795909457053292e-21,-112258.32941431068,223.66666652546337,35.33342690231376,81.1516687125 284.18175819 134.666573098
100.0,68,3.0778382197462087e-21,-112258.32941431068,223.66666651961418,35.233426902620636,81.1816687126 284.05175819 134.766573097
100.0,69,2.176890437188688e-21,-112258.32941431068,223.6666665149246,35.133426902922395,81.2116687127 283.92175819 134.866573097
100.0,70,2.8121432025708443e-21,-112258.32941431068,223.66666650916636,35.0334269032723,81.2416687129 283.79175819 134.966573097
100.0,71,2.5153532558255842e-20,-112258.32941431068,223.66666650953584,34.93342690357636,81.2716687129 283.661758191 135.066573096
100.0,72,3.08893142598469e-19,-112258.32941431068,223.6666664556426,34.83342690418928,81.301668713 283.531758191 135.166573096
100.0,73,1.5120001701217332e-20,-112258.32941431068,223.666666445695,34.733426904863734,81.3316687131 283.401758192 135.266573095
100.0,74,7.981564899368727e-18,-112258.32941431068,223.6666663588212,34.63342690635298,81.3616687149 283.271758191 135.366573094
100.0,75,8.561145363336523e-18,-112258.32941431068,223.66666644203997,34.533426907028,81.391668715 283.141758192 135.466573093
100.0,76,2.405535689396052e-19,-112258.32941431068,223.666666484826,34.43342690748523,81.4216687151 283.011758192 135.566573093
100.0,77,8.92118430580471e-20,-112258.32941431068,223.66666647575948,34.333426908046135,81.4516687155 282.881758193 135.666573092
100.0,78,6.364054659341885e-20,-112258.32941431068,223.66666646748877,34.23342690869313,81.4816687159 282.751758193 135.766573091
100.0,79,5.190772341749358e-21,-112258.32941431068,223.66666646470912,34.13342690934422,81.5116687164 282.621758193 135.866573091
100.0,80,1.3066269228196286e-19,-112258.32941431068,223.66666645776854,34.0334269099622,81.5416687166 282.491758193 135.96657309
100.0,81,1.8635149839985017e-19,-112258.32941431068,223.66666645301075,33.93342691053769,81.5716687166 282.361758194 136.066573089
100.0,82,1.0441902792888759e-14,-112258.32941431068,223.66666331724923,33.83342693999691,81.6016687757 282.231758164 136.16657306
100.0,83,1.0409563023725791e-14,-112258.32941431068,223.6666663487258,33.73342694113171,81.6316687758 282.101758165 136.266573059
100.0,84,5.709936166009381e-19,-112258.32941431068,223.66666631238013,33.63342694255422,81.6616687763 281.971758166 136.366573057
100.0,85,2.7617996857440443e-16,-112258.32941431068,223.66666580311426,33.53342694874232,81.6916687865 281.841758162 136.466573051
100.0,86,2.7239225260005874e-16,-112258.32941431068,223.66666627480095,33.433426950344256,81.7216687871 281.711758163 136.56657305
100.0,87,3.0565065111807215e-15,-112258.32941431068,223.66666465648586,33.333426967961,81.7516688196 281.581758148 136.666573032
100.0,88,1.3241127662753388e-15,-112258.32941431068,223.66666568917162,33.233426975133,81.7816688311 281.451758144 136.766573025
100.0,89,8.92884260550621e-18,-112258.32941431068,223.66666575745194,33.133426981581664,81.8116688409 281.321758141 136.866573018
100.0,90,6.442689057631907e-17,-112258.32941431068,223.66666628759072,33.033426984279856,81.8416688465 281.191758138 136.966573016
100.0,91,4.614850990660956e-17,-112258.32941431068,223.6666660916344,32.93342698715654,81.8716688487 281.061758139 137.066573013
100.0,92,1.3267076099984277e-17,-112258.32941431068,223.66666645772875,32.833426988258,81.9016688509 280.931758137 137.166573012
100.0,93,8.759064056871499e-18,-112258.32941431068,223.66666658096528,32.73342698819238,81.9316688507 280.801758137 137.266573012
100.0,94,1.8303650873710184e-18,-112258.32941431068,223.66666664003128,32.6334269875226,81.9616688494 280.671758138 137.366573012
100.0,95,2.6829794782042187e-17,-112258.32941431068,223.66666652347385,32.533426987923065,81.9916688503 280.541758138 137.466573012
100.0,96,2.7964753753394626e-17,-112258.32941431068,223.66666669362894,32.43342698656832,82.0216688477 280.411758139 137.566573013
100.0,97,8.102852037387817e-15,-112258.32941431068,223.66666385114536,32.333427012358186,82.0516689007 280.281758112 137.666572988
100.0,98,1.9447588142076705e-16,-112258.32941431068,223.666664192996,32.233427034734916,82.0816689469 280.151758088 137.766572965
100.0,99,1.7976662724577365e-16,-112258.32941431068,223.66666418441832,32.13342705662518,82.1116689927 280.021758064 137.866572943
100.0,100,1.0106895226300772e-17,-112258.32941431068,223.66666413689154,32.03342707885645,82.1416690393 279.89175804 137.966572921
1000.0,1,4449.382716049382,-115405.55555555555,66666.66666666669,58.333333333333314,57.2222222222 308.333333333 134.444444444
1000.0,2,4426.04515352543,-115405.55555555555,228.55555568861018,58.16077777786154,57.3709999997 308.160777778 134.468222222
1000.0,3,2.523685764271864e-20,-115405.55555555555,228.55555556105355,57.988222222299555,57.5197777775 307.988222222 134.492
1000.0,4,7.720194190921398e-23,-115405.55555555555,228.5555555633273,57.81566666673746,57.6685555553 307.815666667 134.515777778
1000.0,5,3.1373709227268875e-23,-115405.55555555555,228.55555556429363,57.64311111117439,57.8173333331 307.643111111 134.539555556
1000.0,6,3.2884789078179784e-21,-115405.55555555555,228.5555555408173,57.470555555599276,57.9661111109 307.470555556 134.563333333
1000.0,7,7.18430814923318e-20,-115405.55555555555,228.55555548835082,57.29800000009925,58.1148888885 307.298 134.587111111
1000.0,8,3.127093307955919e-20,-115405.55555555555,228.55555555815454,57.12544444457069,58.2636666662 307.125444445 134.610888889
1000.0,9,2.695923619687773e-21,-115405.55555555555,228.55555557338857,56.95288888907271,58.4124444438 306.952888889 134.634666667
1000.0,10,4.5766209282133e-21,-115405.55555555555,228.55555559027107,56.7803333336073,58.5612222214 306.780333334 134.658444445
1000.0,11,4.055700100438588e-22,-115405.55555555555,228.55555559970708,56.60777777813763,58.709999999 306.607777778 134.682222223
1000.0,12,2.731410164422761e-20,-115405.55555555555,228.55555546794403,56.43522222259725,58.8587777766 306.435222223 134.706000001
1000.0,13,5.4976054916698795e-21,-115405.55555555555,228.55555544873096,56.262666667073745,59.0075555543 306.262666667 134.729777779
1000.0,14,2.5451380536186055e-20,-115405.55555555555,228.5555554298021,56.09011111150551,59.1563333319 306.090111112 134.753555557
1000.0,15,6.78409823657376e-20,-115405.55555555555,228.5555555324613,55.91755555598837,59.3051111096 305.917555556 134.777333334
1000.0,16,1.1621285816991695e-20,-115405.55555555555,228.55555556042827,55.74500000043946,59.4538888873 305.745 134.801111112
1000.0,17,2.7169800043586445e-24,-115405.55555555555,228.5555555596893,55.572444444897144,59.6026666651 305.572444445 134.82488889
1000.0,18,1.1524343406327005e-19,-115405.55555555555,228.5555554634534,55.39988888944691,59.7514444427 305.399888889 134.848666668
1000.0,19,3.688191892801465e-23,-115405.55555555555,228.5555554608386,55.22733333400623,59.9002222203 305.227333334 134.872444446
1000.0,20,1.4298033645919546e-22,-115405.55555555555,228.5555554560069,55.05477777856629,60.0489999978 305.054777779 134.896222224
1000.0,21,1.499618438228228e-22,-115405.55555555555,228.55555545515426,54.88222222311788,60.1977777754 304.882222223 134.920000001
1000.0,22,9.440961095940234e-23,-115405.55555555555,228.55555545003836,54.70966666767799,60.346555553 304.709666668 134.943777779
1000.0,23,2.1800742882166765e-22,-115405.55555555555,228.5555554465709,54.53711111222765,60.4953333305 304.537111112 134.967555557
1000.0,24,2.574016194009506e-22,-115405.55555555555,228.55555544821937,54.364555556779806,60.6441111081 304.364555557 134.991333335
1000.0,25,5.202819976955188e-23,-115405.55555555555,228.55555545072048,54.192000001331735,60.7928888857 304.192000001 135.015111113
1000.0,26,1.0951215146219268e-21,-115405.55555555555,228.5555554445814,54.019444445892645,60.9416666632 304.019444446 135.038888891
1000.0,27,1.424530822269333e-19,-115405.55555555555,228.5555555516744,53.84688889034368,61.090444441 303.84688889 135.062666669
1000.0,28,3.265786234620158e-20,-115405.55555555555,228.55555549795736,53.6743333348511,61.2392222186 303.674333335 135.086444447
1000.0,29,6.776436176593207e-22,-115405.55555555555,228.55555549642258,53.50177777935494,61.3879999963 303.501777779 135.110222224
1000.0,30,9.951117906145059e-22,-115405.55555555555,228.55555548306438,53.329222223884585,61.5367777739 303.329222224 135.134000002
1000.0,31,1.341462605726824e-21,-115405.55555555555,228.55555546913774,53.15666666841025,61.6855555515 303.156666668 135.15777778
1000.0,32,1.9195273731015265e-21,-115405.55555555555,228.5555554549269,52.98411111294729,61.8343333291 302.984111113 135.181555558
1000.0,33,2.475667807164145e-18,-115405.55555555555,228.55555453468878,52.811555558406894,61.9831111061 302.811555558 135.205333336
1000.0,34,4.980504806342775e-19,-115405.55555555555,228.55555491013956,52.639000003488036,62.1318888832 302.639000003 135.229111113
1000.0,35,9.517334387725764e-19,-115405.55555555555,228.5555553826789,52.4664444480934,62.2806666606 302.466444448 135.252888891
1000.0,36,1.8426464887454953e-20,-115405.55555555555,228.55555533061033,52.293888892749635,62.429444438 302.293888893 135.276666669
1000.0,37,6.431074894127429e-19,-115405.55555555555,228.5555550831141,52.12133333764143,62.578222215 302.121333338 135.300444447
1000.0,38,1.5049664842919038e-18,-115405.55555555555,228.55555545816696,51.948777782160846,62.7269999926 301.948777782 135.324222225
1000.0,39,2.3396965917343568e-18,-115405.55555555555,228.55555500376067,51.776222227149105,62.8757777693 301.776222227 135.348000004
1000.0,40,4.044583594703967e-17,-115405.55555555555,228.55555128546212,51.60366667589733,63.0245555439 301.603666676 135.37177778
1000.0,41,4.202001137449004e-17,-115405.55555555555,228.55555496891566,51.431111121018034,63.1733333204 301.431111121 135.395555559
1000.0,42,5.139820594462865e-17,-115405.55555555555,228.5555518211545,51.258555569367104,63.3221110958 301.258555569 135.419333335
1000.0,43,5.351537391378945e-18,-115405.55555555555,228.5555505843554,51.08600001909201,63.4708888705 301.086000019 135.44311111
1000.0,44,7.549058959683909e-17,-115405.55555555555,228.55555539796978,50.913444463665655,63.6196666481 300.913444464 135.466888888
1000.0,45,1.91073955452088e-16,-115405.55555555555,228.5555472805022,50.74088891637405,63.7684444214 300.740888916 135.490666662
1000.0,46,8.315133857291592e-16,-115405.55555555555,228.55553063254274,50.56833338575984,63.9172221865 300.568333386 135.514444428
1000.0,47,1.8120704622957274e-15,-115405.55555555555,228.55555510659042,50.39577783056711,64.0659999639 300.395777831 135.538222206
1000.0,48,6.375651265029092e-19,-115405.55555555555,228.55555470152422,50.22322227557572,64.2147777409 300.223222276 135.561999984
1000.0,49,7.298062865878253e-16,-115405.55555555555,228.55556164472046,50.050666713823375,64.3635555054 300.050666714 135.585777749
1000.0,50,0.0049522955392143735,-115405.55555555555,187.92595196890215,49.91874078312787,64.4920184865 299.918740783 135.58924073
1000.0,51,0.015149287286935723,-115405.55555555555,247.802379062196,49.85787650633938,64.5849506008 299.857876506 135.557172845
1000.0,52,4.4797090848572377e-05,-112978.07846840251,251.66662239462585,49.80087650450537,64.6759506276 299.800876505 135.523172873
1000.0,53,7.965721397649405e-16,-112978.07846840251,251.6666384119644,49.74387649963876,64.7669506269 299.7438765 135.489172873
1000.0,54,1.529813729408549e-17,-112978.07846840251,251.6666386158049,49.68687649715292,64.8579506264 299.686876497 135.455172873
1000.0,55,8.444212350032505e-19,-112978.07846840251,251.6666390075129,49.6298764971765,64.9489506278 299.629876497 135.421172875
1000.0,56,3.527088363682401e-19,-112978.07846840251,251.66663936494433,49.572876496628226,65.039950628 299.572876497 135.387172875
1000.0,57,2.3640515598176556e-19,-112978.07846840251,251.66663971953358,49.515876496320345,65.1309506279 299.515876496 135.353172876
1000.0,58,2.203222525684254e-19,-112978.07846840251,251.66663974022458,49.45887649592237,65.2219506273 299.458876496 135.319172876
1000.0,59,6.875714827227702e-20,-112978.07846840251,251.66663985595778,49.40187649609777,65.312950627 299.401876496 135.285172877
1000.0,60,3.904019201223367e-20,-112978.07846840251,251.66663995571798,49.34487649627704,65.4039506264 299.344876496 135.251172877
1000.0,61,2.4302050553299325e-20,-112978.07846840251,251.66663999914635,49.287876496525485,65.4949506257 299.287876497 135.217172878
1000.0,62,5.519008998699693e-20,-112978.07846840251,251.66663980241128,49.23087649669219,65.5859506249 299.230876497 135.183172878
1000.0,63,2.33081204805281e-20,-112978.07846840251,251.66663971959042,49.173876496998105,65.6769506242 299.173876497 135.149172879
1000.0,64,4.285704562930729e-20,-112978.07846840251,251.66663959527386,49.11687649735143,65.7679506233 299.116876497 135.115172879
1000.0,65,6.411939914781413e-20,-112978.07846840251,251.66663943969343,49.0598764978115,65.8589506222 299.059876498 135.08117288
1000.0,66,8.598971426067609e-20,-112978.07846840251,251.6666392854204,49.002876498400724,65.949950621 299.002876498 135.047172881
1000.0,67,1.5112031316529693e-19,-112978.07846840251,251.66663906788062,48.9458764990606,66.0409506195 298.945876499 135.013172881
1000.0,68,2.7450261634871396e-19,-112978.07846840251,251.66663875490076,48.88887649990363,66.1319506176 298.8888765 134.979172882
1000.0,69,8.0291247418341065e-19,-112978.07846840251,251.6666382596809,48.8318765010269,66.2229506152 298.831876501 134.945172884
1000.0,70,1.298746199986748e-18,-112978.07846840251,251.66663762030612,48.77487650249947,66.3139506122 298.774876502 134.911172885
1000.0,71,5.77322651965895e-17,-112978.07846840251,251.66663326052958,48.717876506148286,66.4049506047 298.717876506 134.877172889
1000.0,72,2.755566482629696e-15,-112978.07846840251,251.66660304546713,48.660876524927914,66.4959505669 298.660876525 134.843172908
1000.0,73,3.3743104097407244e-15,-112978.07846840251,251.66663727117384,48.603876526452325,66.586950563 298.603876526 134.80917291
1000.0,74,4.244267014008068e-05,-112978.07846840251,247.90527937023217,48.54875720750226,66.674189253 298.548757208 134.777053591
1000.0,75,0.0029932306903865495,-112978.07846840251,216.31820134200825,48.50943139315791,66.7298408289 298.509431393 134.760727776
1000.0,76,0.00048018840311141956,-112978.07846840251,203.66661075962884,48.47643139216518,66.772840829 298.476431392 134.750727775
1000.0,77,1.1658097693485843e-18,-112978.07846840251,203.66660970364865,48.44343139343084,66.8158408307 298.443431393 134.740727777
1000.0,78,3.3415959439013326e-15,-112978.07846840251,203.6666430225323,48.41043137632545,66.8588408641 298.410431376 134.73072776
1000.0,79,3.3537151265289044e-15,-112978.07846840251,203.66660931296383,48.37743137631287,66.9018408644 298.377431376 134.72072776
1000.0,80,4.2561586044519045e-20,-112978.07846840251,203.66660910531482,48.34443137614193,66.9448408644 298.344431376 134.71072776
1000.0,81,1.0661748191470642e-19,-112978.07846840251,203.66660880347627,48.31143137613316,66.9878408646 298.311431376 134.70072776
1000.0,82,1.6772353135928823e-21,-112978.07846840251,203.66660877869253,48.278431375916114,67.0308408645 298.278431376 134.69072776
1000.0,83,5.434800151472858e-16,-112978.07846840251,203.66662221323668,48.24543136914565,67.0738408781 298.245431369 134.680727753
1000.0,84,5.0088342006621566e-17,-112978.07846840251,203.66661807941273,48.21243136438807,67.1168408876 298.212431364 134.670727748
1000.0,85,2.1977937836853982e-17,-112978.07846840251,203.66661533882098,48.17943136095903,67.1598408943 298.179431361 134.660727745
1000.0,86,1.3700202828246109e-17,-112978.07846840251,203.6666132073633,48.146431358600694,67.2028408989 298.146431359 134.650727743
1000.0,87,2.0820045301193866e-17,-112978.07846840251,203.66661057045394,48.11343135759404,67.2458409009 298.113431358 134.640727742
1000.0,88,3.7025009564646445e-18,-112978.07846840251,203.66660946382626,48.080431357105795,67.2888409017 298.080431357 134.630727741
1000.0,89,2.4257770211284557e-19,-112978.07846840251,203.66660917915442,48.047431356762104,67.3318409023 298.047431357 134.620727741
1000.0,90,1.059699397738156e-17,-112978.07846840251,203.66661104435752,48.01443135550704,67.3748409048 298.014431356 134.61072774
1000.0,91,3.666976676393654e-19,-112978.07846840251,203.6666106816965,47.98143135440273,67.4178409069 297.981431354 134.600727739
1000.0,92,8.580573356604988e-18,-112978.07846840251,203.66660898412465,47.948431354157094,67.4608409073 297.948431354 134.590727739
1000.0,93,9.902382141687927e-19,-112978.07846840251,203.6666094621778,47.91543135362599,67.5038409083 297.915431354 134.580727738
1000.0,94,2.808827577591919e-18,-112978.07846840251,203.66660846804325,47.882431353493985,67.5468409084 297.882431353 134.570727738
1000.0,95,1.4204069751889739e-21,-112978.07846840251,203.66660844320268,47.84943135336226,67.5898409084 297.849431353 134.560727738
1000.0,96,3.1372832098087436e-20,-112978.07846840251,203.66660854472502,47.81643135336577,67.6328409085 297.816431353 134.550727738
1000.0,97,6.405836643949575e-23,-112978.07846840251,203.66660854540714,47.78343135335706,67.6758409085 297.783431353 134.540727738
1000.0,98,1.0277308482574837e-22,-112978.07846840251,203.66660853739222,47.75043135334374,67.7188409085 297.750431353 134.530727738
1000.0,99,2.869080801401578e-23,-112978.07846840251,203.6666085338111,47.71743135333105,67.7618409085 297.717431353 134.520727738
1000.0,100,1.602891311665459e-23,-112978.07846840251,203.66660853688063,47.68443135331938,67.8048409085 297.684431353 134.510727738
10000.0,1,4449.382716049382,-115405.55555555555,666666.6666666669,58.333333333333314,57.2222222222 308.333333333 134.444444444
10000.0,2,4447.045340424029,-115405.55555555555,228.55555528705008,58.31607777780516,57.2371 308.316077778 134.446822222
10000.0,3,1.2576874573952991e-20,-115405.55555555555,228.55555454353816,58.29882222235062,57.2519777777 308.298822222 134.4492
10000.0,4,1.3378273158981414e-23,-115405.55555555555,228.55555454296973,58.28156666689654,57.2668555554 308.281566667 134.451577778
10000.0,5,1.665061124061565e-23,-115405.55555555555,228.55555455149624,58.26431111144291,57.2817333331 308.264311111 134.453955555
10000.0,6,2.168516781757592e-23,-115405.55555555555,228.55555456798083,58.24705555598672,57.2966111109 308.247055556 134.456333333
10000.0,7,8.771746198306822e-24,-115405.55555555555,228.55555456968614,58.229800000535306,57.3114888886 308.229800001 134.458711111
10000.0,8,9.056325140328952e-24,-115405.55555555555,228.5555545622965,58.212544445083154,57.3263666663 308.212544445 134.461088889
10000.0,9,9.289188465033871e-24,-115405.55555555555,228.55555455945432,58.19528888963072,57.341244444 308.19528889 134.463466666
10000.0,10,6.907543765153817e-24,-115405.55555555555,228.55555455661215,58.17803333417908,57.3561222217 308.178033334 134.465844444
10000.0,11,8.173288968428115e-24,-115405.55555555555,228.55555455490685,58.160777778728175,57.3709999995 308.160777779 134.468222222
10000.0,12,7.077904062616265e-24,-115405.55555555555,228.55555455320155,58.14352222327818,57.3858777772 308.143522223 134.4706
10000.0,13,3.143310517753028e-20,-115405.55555555555,228.55555558093056,58.126266667725986,57.4007555549 308.126266668 134.472977777
10000.0,14,1.2684546775300975e-24,-115405.55555555555,228.5555555832043,58.10901111217294,57.4156333327 308.109011112 134.475355555
10000.0,15,1.3911214964774246e-24,-115405.55555555555,228.55555558093056,58.09175555662023,57.4305111105 308.091755557 134.477733333
10000.0,16,1.2713829292102779e-24,-115405.55555555555,228.55555558036212,58.074500001066156,57.4453888883 308.074500001 134.480111111
10000.0,17,1.0886364637213185e-24,-115405.55555555555,228.5555555883202,58.057244445511856,57.460266666 308.057244446 134.482488888
10000.0,18,1.635546366609264e-24,-115405.55555555555,228.5555555797937,58.0399888899596,57.4751444438 308.03998889 134.484866666
10000.0,19,3.6292482059633505e-24,-115405.55555555555,228.55555559400455,58.022733334403654,57.4900222216 308.022733334 134.487244444
10000.0,20,5.923449252221467e-24,-115405.55555555555,228.55555559457298,58.005477778850434,57.5048999994 308.005477779 134.489622222
10000.0,21,5.079170342501409e-25,-115405.55555555555,228.55555559116237,57.98822222329534,57.5197777771 307.988222223 134.492
10000.0,22,1.925813521665307e-24,-115405.55555555555,228.55555558093056,57.97096666774132,57.5346555549 307.970966668 134.494377777
10000.0,23,4.892872951124416e-25,-115405.55555555555,228.55555558036212,57.9537111121852,57.5495333327 307.953711112 134.496755555
10000.0,24,1.791635644388995e-24,-115405.55555555555,228.5555555832043,57.936455556629824,57.5644111105 307.936455557 134.499133333
10000.0,25,3.5699426949233757e-25,-115405.55555555555,228.55555558093056,57.91920000107473,57.5792888883 307.919200001 134.501511111
10000.0,26,6.759549252076194e-25,-115405.55555555555,228.55555558547803,57.90194444551861,57.594166666 307.901944446 134.503888888
10000.0,27,8.658873876358719e-25,-115405.55555555555,228.5555555832043,57.88468888996397,57.6090444438 307.88468889 134.506266666
10000.0,28,1.2002129501557784e-24,-115405.55555555555,228.55555558775177,57.86743333440768,57.6239222216 307.867433334 134.508644444
10000.0,29,1.0780678312204375e-25,-115405.55555555555,228.5555555866149,57.85017777885275,57.6387999994 307.850177779 134.511022222
10000.0,30,3.110005232743317e-26,-115405.55555555555,228.55555558775177,57.83292222329692,57.6536777771 307.832922223 134.5134
10000.0,31,3.5524405009728715e-25,-115405.55555555555,228.5555555849096,57.81566666774171,57.6685555549 307.815666668 134.515777777
10000.0,32,1.869318459076999e-24,-115405.55555555555,228.55555559059394,57.79841111218548,57.6834333327 307.798411112 134.518155555
10000.0,33,1.6336951730183453e-24,-115405.55555555555,228.55555558547803,57.78115555663095,57.6983111105 307.781155557 134.520533333
10000.0,34,1.6795542869751936e-24,-115405.55555555555,228.55555558718333,57.76390000107557,57.7131888883 307.763900001 134.522911111
10000.0,35,1.266889577494139e-25,-115405.55555555555,228.55555558718333,57.74664444552036,57.728066666 307.746644446 134.525288888
10000.0,36,2.822228774518692e-25,-115405.55555555555,228.55555558945707,57.72938888996475,57.7429444438 307.72938889 134.527666666
10000.0,37,2.6936549651130697e-25,-115405.55555555555,228.55555559229924,57.71213333440954,57.7578222216 307.712133334 134.530044444
10000.0,38,7.478485526658415e-25,-115405.55555555555,228.55555559741515,57.69487777885405,57.7726999994 307.694877779 134.532422222
10000.0,39,4.6751052687018044e-26,-115405.55555555555,228.55555559798358,57.67762222329907,57.7875777771 307.677622223 134.5348
10000.0,40,1.6718129319586246e-24,-115405.55555555555,228.55555559229924,57.660366667744256,57.8024555549 307.660366668 134.537177777
10000.0,41,8.340115169035175e-24,-115405.55555555555,228.55555558718333,57.64311111218899,57.8173333327 307.643111112 134.539555555
10000.0,42,8.101378511937248e-24,-115405.55555555555,228.55555559627828,57.62585555663338,57.8322111105 307.625855557 134.541933333
10000.0,43,7.207369810752058e-25,-115405.55555555555,228.55555559400455,57.60860000107846,57.8470888883 307.608600001 134.544311111
10000.0,44,1.444940742875223e-25,-115405.55555555555,228.55555559400455,57.59134444552262,57.861966666 307.591344446 134.546688888
10000.0,45,4.606627934870459e-24,-115405.55555555555,228.5555555883202,57.574088889967925,57.8768444438 307.57408889 134.549066666
10000.0,46,5.488704851910547e-24,-115405.55555555555,228.55555557467778,57.55683333441482,57.8917222216 307.556833334 134.551444444
10000.0,47,9.414155812743731e-23,-115405.55555555555,228.5555555633091,57.53957777886228,57.9065999993 307.539577779 134.553822222
10000.0,48,2.5021828481462174e-21,-115405.55555555555,228.55555544166418,57.52232222332134,57.9214777771 307.522322223 134.5562
10000.0,49,1.5265955626770652e-21,-115405.55555555555,228.55555530978745,57.5050666677937,57.9363555548 307.505066668 134.558577777
10000.0,50,1.0530632545169202e-23,-115405.55555555555,228.55555530637685,57.487811112264524,57.9512333325 307.487811112 134.560955555
10000.0,51,3.2818633141111457e-24,-115405.55555555555,228.55555531433492,57.47055555673438,57.9661111103 307.470555557 134.563333333
10000.0,52,2.210409292720081e-24,-115405.55555555555,228.55555531319806,57.45330000120629,57.980988888 307.453300001 134.565711111
10000.0,53,2.4725383051941604e-24,-115405.55555555555,228.55555531945083,57.43604444567609,57.9958666657 307.436044446 134.568088889
10000.0,54,3.7838733579029915e-24,-115405.55555555555,228.5555553239983,57.41878889014663,58.0107444434 307.41878889 134.570466666
10000.0,55,2.6108392954684277e-24,-115405.55555555555,228.55555533195638,57.401533334616545,58.0256222211 307.401533335 134.572844444
10000.0,56,3.561797443123333e-24,-115405.55555555555,228.55555533309325,57.384277779086915,58.0404999989 307.384277779 134.575222222
10000.0,57,2.7515636664435336e-24,-115405.55555555555,228.55555533081952,57.36702222355677,58.0553777766 307.367022224 134.5776
10000.0,58,6.439949093120412e-24,-115405.55555555555,228.555555335367,57.34976666802561,58.0702555543 307.349766668 134.579977778
10000.0,59,8.574745542167789e-24,-115405.55555555555,228.5555553336617,57.33251111249507,58.0851333321 307.332511112 134.582355555
10000.0,60,3.7838733579029915e-24,-115405.55555555555,228.55555533195638,57.31525555696328,58.1000111098 307.315255557 134.584733333
10000.0,61,4.496465087178155e-24,-115405.55555555555,228.5555553274089,57.29800000143155,58.1148888875 307.298000001 134.587111111
10000.0,62,8.098483918322358e-24,-115405.55555555555,228.55555532001927,57.28074444589947,58.1297666652 307.280744446 134.589488889
10000.0,63,9.700203929315744e-24,-115405.55555555555,228.55555533309325,57.263488890364385,58.144644443 307.26348889 134.591866667
10000.0,64,5.336048696790338e-24,-115405.55555555555,228.5555553274089,57.24623333483305,58.1595222207 307.246233335 134.594244444
10000.0,65,8.852104829185337e-24,-115405.55555555555,228.55555532627204,57.2289777792987,58.1743999984 307.228977779 134.596622222
10000.0,66,7.789098982181919e-24,-115405.55555555555,228.55555532968265,57.21172222376424,58.1892777762 307.211722224 134.599
10000.0,67,8.05297821405105e-24,-115405.55555555555,228.5555553205877,57.19446666823086,58.2041555539 307.194466668 134.601377778
10000.0,68,6.527392746742351e-24,-115405.55555555555,228.55555531490336,57.17721111269509,58.2190333317 307.177211113 134.603755556
10000.0,69,5.6796807143627715e-24,-115405.55555555555,228.55555531490336,57.15995555715858,58.2339111094 307.159955557 134.606133333
10000.0,70,9.96374658053198e-24,-115405.55555555555,228.5555553274089,57.142700001620994,58.2487888871 307.142700002 134.608511111
10000.0,71,8.750188207488942e-24,-115405.55555555555,228.55555532513517,57.12544444608568,58.2636666649 307.125444446 134.610888889
10000.0,72,2.6234105828540298e-24,-115405.55555555555,228.55555533195638,57.10818889054747,58.2785444426 307.108188891 134.613266667
10000.0,73,4.5716067179368076e-24,-115405.55555555555,228.5555553370723,57.09093333500982,58.2934222204 307.090933335 134.615644445
10000.0,74,4.575494224477737e-24,-115405.55555555555,228.55555533309325,57.073677779472575,58.3082999981 307.073677779 134.618022222
10000.0,75,3.266747476989663e-23,-115405.55555555555,228.55555530467154,57.056422223934646,58.3231777758 307.056422224 134.6204
10000.0,76,2.6839109552117797e-24,-115405.55555555555,228.5555553154718,57.03916666839217,58.3380555536 307.039166668 134.622777778
10000.0,77,2.9841577266261385e-24,-115405.55555555555,228.5555553171771,57.02191111285316,58.3529333313 307.021911113 134.625155556
10000.0,78,2.9704084069554067e-24,-115405.55555555555,228.55555531660866,57.00465555731279,58.3678111091 307.004655557 134.627533334
10000.0,79,1.810097093200247e-24,-115405.55555555555,228.55555531660866,56.98740000177236,58.3826888868 306.987400002 134.629911111
10000.0,80,1.7087694876464186e-24,-115405.55555555555,228.55555531433492,56.970144446231416,58.3975666646 306.970144446 134.632288889
10000.0,81,2.3117200692412645e-24,-115405.55555555555,228.5555553120612,56.95288889069019,58.4124444423 306.952888891 134.634666667
10000.0,82,1.5720167683754653e-24,-115405.55555555555,228.55555531149275,56.93563333514834,58.4273222201 306.935633335 134.637044445
10000.0,83,3.608110940961589e-24,-115405.55555555555,228.55555530921902,56.91837777960666,58.4421999978 306.91837778 134.639422223
10000.0,84,1.3068921880906263e-24,-115405.55555555555,228.55555531035589,56.901122224064125,58.4570777756 306.901122224 134.6418
10000.0,85,9.61341660796695e-25,-115405.55555555555,228.55555531433492,56.88386666852148,58.4719555533 306.883866669 134.644177778
10000.0,86,4.083800377697101e-24,-115405.55555555555,228.55555532456674,56.86661111297792,58.4868333311 306.866611113 134.646555556
10000.0,87,2.4908651217442553e-24,-115405.55555555555,228.5555553274089,56.84935555743573,58.5017111088 306.849355557 134.648933334
10000.0,88,2.7362324177041985e-24,-115405.55555555555,228.55555533650386,56.832100001891945,58.5165888866 306.832100002 134.651311112
10000.0,89,1.0607642198551418e-23,-115405.55555555555,228.55555532968265,56.81484444634998,58.5314666643 306.814844446 134.653688889
10000.0,90,2.2821682879171454e-24,-115405.55555555555,228.55555534105133,56.79758889080449,58.5463444421 306.797588891 134.656066667
10000.0,91,1.1104805480941586e-24,-115405.55555555555,228.55555534673567,56.780333335261275,58.5612222198 306.780333335 134.658444445
10000.0,92,1.190250162830107e-24,-115405.55555555555,228.55555534105133,56.763077779717946,58.5760999976 306.76307778 134.660822223
10000.0,93,3.550824913838979e-24,-115405.55555555555,228.55555534161977,56.74582222417337,58.5909777753 306.745822224 134.6632
10000.0,94,3.0236722952759294e-24,-115405.55555555555,228.5555553387776,56.728566668629355,58.6058555531 306.728566669 134.665577778
10000.0,95,4.2057267192080606e-24,-115405.55555555555,228.55555533423012,56.71131111308506,58.6207333308 306.711311113 134.667955556
10000.0,96,1.547648329105918e-24,-115405.55555555555,228.55555534105133,56.69405555753906,58.6356111086 306.694055558 134.670333334
10000.0,97,8.28156696446421e-25,-115405.55555555555,228.55555533820916,56.676800001995616,58.6504888864 306.676800002 134.672711112
10000.0,98,1.184713411089996e-24,-115405.55555555555,228.55555533650386,56.65954444645058,58.6653666641 306.659544446 134.675088889
10000.0,99,7.805641921271672e-25,-115405.55555555555,228.55555534332507,56.6422888909043,58.6802444419 306.642288891 134.677466667
10000.0,100,3.1017253486821172e-24,-115405.55555555555,228.5555553370723,56.625033335359944,58.6951222196 306.625033335 134.679844445
100000.0,1,4449.382716049382,-115405.55555555555,6666666.666666669,58.333333333333314,57.2222222222 308.333333333 134.444444444
100000.0,2,4449.148942292842,-115405.55555555555,228.5555557627231,58.33160777777931,57.22371 308.331607778 134.444682222
100000.0,3,1.8131902694003457e-23,-115405.55555555555,228.55555556945546,58.329882222223546,57.2251977778 308.329882222 134.44492
100000.0,4,4.196521238351402e-24,-115405.55555555555,228.55555543303126,58.3281566666692,57.2266855556 308.328156667 134.445157778
100000.0,5,5.052967538673588e-24,-115405.55555555555,228.55555533639745,58.326431111114005,57.2281733333 308.326431111 134.445395556
100000.0,6,2.539669316413928e-25,-115405.55555555555,228.5555553307131,58.324705555558296,57.2296611111 308.324705556 134.445633333
100000.0,7,1.241275789808883e-24,-115405.55555555555,228.55555537618784,58.32298000000219,57.2311488889 308.32298 134.445871111
100000.0,8,8.25329418962109e-25,-115405.55555555555,228.55555532502876,58.32125444444836,57.2326366667 308.321254444 134.446108889
100000.0,9,5.387478220552587e-25,-115405.55555555555,228.5555553420818,58.31952888889259,57.2341244444 308.319528889 134.446346667
100000.0,10,2.69304911993786e-24,-115405.55555555555,228.55555527955403,58.317803333338475,57.2356122222 308.317803333 134.446584444
100000.0,11,2.0128364494711276e-24,-115405.55555555555,228.55555517723587,58.31607777778299,57.2371 308.316077778 134.446822222
100000.0,12,9.959758099795182e-25,-115405.55555555555,228.5555552227106,58.31435222222717,57.2385877778 308.314352222 134.44706
100000.0,13,1.181818817475105e-24,-115405.55555555555,228.55555523976363,58.31262666667192,57.2400755555 308.312626667 134.447297778
100000.0,14,2.4188536910575197e-24,-115405.55555555555,228.55555530797574,58.310901111116436,57.2415633333 308.310901111 134.447535556
100000.0,15,6.284162737928287e-24,-115405.55555555555,228.5555551942889,58.309175555562604,57.2430511111 308.309175556 134.447773333
100000.0,16,2.5802272850876915e-25,-115405.55555555555,228.55555516018285,58.307450000006554,57.2445388889 308.30745 134.448011111
100000.0,17,2.3760406320093653e-24,-115405.55555555555,228.55555506923338,58.30572444445181,57.2460266667 308.305724444 134.448248889
100000.0,18,2.453841249925882e-25,-115405.55555555555,228.55555510902377,58.303998888895876,57.2475144444 308.303998889 134.448486667
100000.0,19,4.720375366516087e-25,-115405.55555555555,228.55555506354904,58.30227333334096,57.2490022222 308.302273333 134.448724444
100000.0,20,1.7894310411125371e-25,-115405.55555555555,228.55555505218035,58.30054777778548,57.25049 308.300547778 134.448962222
100000.0,21,1.4815102308121884e-24,-115405.55555555555,228.55555498396825,58.298822222230285,57.2519777778 308.298822222 134.4492
100000.0,22,7.911328246280482e-25,-115405.55555555555,228.5555549498622,58.2970966666752,57.2534655555 308.297096667 134.449437778
100000.0,23,2.436507346301826e-25,-115405.55555555555,228.55555497259957,58.29537111111938,57.2549533333 308.295371111 134.449675556
100000.0,24,6.337443455281453e-24,-115405.55555555555,228.5555548816501,58.29364555556526,57.2564411111 308.293645556 134.449913333
100000.0,25,4.238863084485505e-24,-115405.55555555555,228.555554813438,58.29192000000944,57.2579288889 308.29192 134.450151111
100000.0,26,5.636043032715026e-25,-115405.55555555555,228.55555479070063,58.2901944444539,57.2594166667 308.290194444 134.450388889
100000.0,27,8.011965861495878e-25,-115405.55555555555,228.55555478501628,58.28846888889825,57.2609044444 308.288468889 134.450626667
100000.0,28,6.795176314185055e-24,-115405.55555555555,228.55555468269813,58.28674333334425,57.2623922222 308.286743333 134.450864444
100000.0,29,2.636436254121039e-25,-115405.55555555555,228.5555547054355,58.28501777778774,57.26388 308.285017778 134.451102222
100000.0,30,5.8390011664102875e-25,-115405.55555555555,228.55555473954155,58.28329222223226,57.2653677778 308.283292222 134.45134
100000.0,31,4.685488781843593e-24,-115405.55555555555,228.55555479638497,58.281566666676724,57.2668555555 308.281566667 134.451577778
100000.0,32,4.29224477603454e-25,-115405.55555555555,228.5555548020693,58.27984111112232,57.2683433333 308.279841111 134.451815556
100000.0,33,6.413544340900854e-26,-115405.55555555555,228.55555480775365,58.27811555556656,57.2698311111 308.278115556 134.452053333
100000.0,34,9.821086870802731e-25,-115405.55555555555,228.5555548418597,58.27639000001113,57.2713188889 308.27639 134.452291111
100000.0,35,2.103965661242259e-25,-115405.55555555555,228.55555481912234,58.27466444445628,57.2728066667 308.274664444 134.452528889
100000.0,36,5.324032767482011e-25,-115405.55555555555,228.55555476227892,58.27293888890114,57.2742944444 308.272938889 134.452766667
100000.0,37,5.183510344898641e-25,-115405.55555555555,228.55555472248852,58.27121333334571,57.2757822222 308.271213333 134.453004444
100000.0,38,1.284543232738445e-24,-115405.55555555555,228.55555477933194,58.26948777778978,57.27727 308.269487778 134.453242222
100000.0,39,5.114578627185889e-24,-115405.55555555555,228.55555469975116,58.267762222235376,57.2787577778 308.267762222 134.45348
100000.0,40,1.0795319570605278e-24,-115405.55555555555,228.55555463153905,58.266036666679724,57.2802455555 308.266036667 134.453717778
100000.0,41,5.974222443710573e-24,-115405.55555555555,228.5555547452259,58.26431111112288,57.2817333333 308.264311111 134.453955556
100000.0,42,3.4434893436309875e-24,-115405.55555555555,228.55555478501628,58.262585555568194,57.2832211111 308.262585556 134.454193333
100000.0,43,5.779089810195102e-26,-115405.55555555555,228.55555478501628,58.260860000013054,57.2847088889 308.26086 134.454431111
100000.0,44,2.6591554481914043e-25,-115405.55555555555,228.55555475659457,58.25913444445786,57.2861966666 308.259134444 134.454668889
100000.0,45,1.0225320234928784e-25,-115405.55555555555,228.5555547736476,58.25740888890232,57.2876844444 308.257408889 134.454906667
100000.0,46,1.4607263754959654e-24,-115405.55555555555,228.55555475091023,58.25568333334695,57.2891722222 308.255683333 134.455144444
100000.0,47,8.0265398037662e-24,-115405.55555555555,228.5555548816501,58.25395777779062,57.29066 308.253957778 134.455382222
100000.0,48,1.4245439553098284e-24,-115405.55555555555,228.55555490438746,58.252232222235875,57.2921477778 308.252232222 134.45562
100000.0,49,4.250508775075647e-25,-115405.55555555555,228.5555548702814,58.25050666668125,57.2936355555 308.250506667 134.455857778
100000.0,50,2.9114394765683253e-24,-115405.55555555555,228.55555492712483,58.248781111124686,57.2951233333 308.248781111 134.456095556
100000.0,51,6.127013231091938e-24,-115405.55555555555,228.55555504081167,58.247055555569034,57.2966111111 308.247055556 134.456333333
100000.0,52,7.712442738485242e-24,-115405.55555555555,228.55555492712483,58.245330000015485,57.2980988889 308.24533 134.456571111
100000.0,53,1.666242522153224e-25,-115405.55555555555,228.5555549214405,58.243604444458924,57.2995866666 308.243604444 134.456808889
100000.0,54,3.874093801911309e-24,-115405.55555555555,228.55555483617536,58.241878888904466,57.3010744444 308.241878889 134.457046667
100000.0,55,3.0649875704187043e-24,-115405.55555555555,228.55555475091023,58.240153333348815,57.3025622222 308.240153333 134.457284444
100000.0,56,2.7129242074912684e-24,-115405.55555555555,228.55555479070063,58.23842777779197,57.30405 308.238427778 134.457522222
100000.0,57,3.4065327879431937e-25,-115405.55555555555,228.55555475091023,58.23670222223706,57.3055377778 308.236702222 134.45776
100000.0,58,7.211795846337617e-24,-115405.55555555555,228.55555485891273,58.234976666680495,57.3070255555 308.234976667 134.457997778
100000.0,59,4.863927014975506e-25,-115405.55555555555,228.55555481912234,58.233251111126606,57.3085133333 308.233251111 134.458235556
100000.0,60,5.250439407726672e-24,-115405.55555555555,228.5555547054355,58.23152555557175,57.3100011111 308.231525556 134.458473333
100000.0,61,5.20252715178717e-25,-115405.55555555555,228.55555475091023,58.22980000001513,57.3114888889 308.2298 134.458711111
100000.0,62,2.073757547644996e-24,-115405.55555555555,228.5555548020693,58.22807444445948,57.3129766666 308.228074444 134.458948889
100000.0,63,2.2609132196868704e-24,-115405.55555555555,228.55555472248852,58.22634888890474,57.3144644444 308.226348889 134.459186667
100000.0,64,8.039228894380316e-26,-115405.55555555555,228.5555547452259,58.22462333334846,57.3159522222 308.224623333 134.459424444
100000.0,65,5.437544592670614e-24,-115405.55555555555,228.5555546258547,58.222897777794,57.31744 308.222897778 134.459662222
100000.0,66,8.410645644849175e-25,-115405.55555555555,228.55555465996076,58.22117222223733,57.3189277778 308.221172222 134.4599
100000.0,67,7.072905839920785e-25,-115405.55555555555,228.55555471111984,58.21944666668185,57.3204155555 308.219446667 134.460137778
100000.0,68,2.9368008287639108e-24,-115405.55555555555,228.55555460311734,58.217721111127105,57.3219033333 308.217721111 134.460375556
100000.0,69,8.016677990636398e-25,-115405.55555555555,228.5555546258547,58.21599555557066,57.3233911111 308.215995556 134.460613333
100000.0,70,1.4601205303207558e-24,-115405.55555555555,228.55555468838247,58.214270000015176,57.3248788889 308.21427 134.460851111
100000.0,71,1.0551635177909806e-24,-115405.55555555555,228.5555547338572,58.212544444459695,57.3263666666 308.212544444 134.461088889
100000.0,72,6.06351729092343e-24,-115405.55555555555,228.55555480775365,58.21081888890353,57.3278544444 308.210818889 134.461326667
100000.0,73,2.831653032799732e-25,-115405.55555555555,228.5555547736476,58.20909333334913,57.3293422222 308.209093333 134.461564444
100000.0,74,4.884340631573545e-24,-115405.55555555555,228.5555546656451,58.20736777779433,57.33083 308.207367778 134.461802222
100000.0,75,3.991055578792077e-24,-115405.55555555555,228.555554597433,58.20564222223868,57.3323177778 308.205642222 134.46204
100000.0,76,4.159800289120633e-25,-115405.55555555555,228.5555545690113,58.20391666668252,57.3338055555 308.203916667 134.462277778
100000.0,77,3.88195296015639e-25,-115405.55555555555,228.55555451785222,58.202191111126865,57.3352933333 308.202191111 134.462515556
100000.0,78,6.480624865022689e-24,-115405.55555555555,228.55555442690275,58.20046555557224,57.3367811111 308.200465556 134.462753333
100000.0,79,3.889290418389486e-24,-115405.55555555555,228.5555543530063,58.19874000001607,57.3382688889 308.19874 134.462991111
100000.0,80,5.139485595500067e-24,-115405.55555555555,228.55555447806182,58.197014444458944,57.3397566666 308.197014444 134.463228889
100000.0,81,6.475576155229274e-24,-115405.55555555555,228.5555543530063,58.195288888904884,57.3412444444 308.195288889 134.463466667
100000.0,82,7.796890824296421e-26,-115405.55555555555,228.55555433595327,58.19356333334815,57.3427322222 308.193563333 134.463704444
100000.0,83,2.0278984336881476e-25,-115405.55555555555,228.55555430184722,58.19183777779267,57.34422 308.191837778 134.463942222
100000.0,84,2.2584561809207417e-26,-115405.55555555555,228.55555429616288,58.19011222223713,57.3457077778 308.190112222 134.46418
100000.0,85,4.169880879674818e-24,-115405.55555555555,228.55555437005933,58.18838666668046,57.3471955555 308.188386667 134.464417778
100000.0,86,2.2730132941584203e-24,-115405.55555555555,228.55555430753157,58.18666111112623,57.3486833333 308.186661111 134.464655556
100000.0,87,4.975065946561203e-24,-115405.55555555555,228.55555437574367,58.18493555556876,57.3501711111 308.184935556 134.464893333
100000.0,88,3.968521504080804e-24,-115405.55555555555,228.5555544496401,58.183210000013105,57.3516588889 308.18321 134.465131111
100000.0,89,2.0806742800619733e-24,-115405.55555555555,228.55555439848104,58.18148444445853,57.3531466666 308.181484444 134.465368889
100000.0,90,1.6105384240992175e-24,-115405.55555555555,228.55555434732196,58.17975888890288,57.3546344444 308.179758889 134.465606667
100000.0,91,7.113783560214798e-24,-115405.55555555555,228.55555423363512,58.178033333347685,57.3561222222 308.178033333 134.465844444
100000.0,92,5.0212111540730104e-24,-115405.55555555555,228.5555543132159,58.176307777789816,57.35761 308.176307778 134.466082222
100000.0,93,1.3981560321229153e-25,-115405.55555555555,228.55555429047854,58.174582222235415,57.3590977778 308.174582222 134.46632
100000.0,94,8.138520186984133e-26,-115405.55555555555,228.55555430184722,58.17285666667931,57.3605855555 308.172856667 134.466557778
100000.0,95,1.0368367012408863e-25,-115405.55555555555,228.5555543132159,58.17113111112309,57.3620733333 308.171131111 134.466795556
100000.0,96,5.608392932079759e-24,-115405.55555555555,228.5555542052134,58.169405555568574,57.3635611111 308.169405556 134.467033333
100000.0,97,2.0514590793907485e-26,-115405.55555555555,228.55555421089775,58.16768000001173,57.3650488889 308.16768 134.467271111
100000.0,98,9.554144754992263e-24,-115405.55555555555,228.55555411426394,58.16595444445727,57.3665366666 308.165954444 134.467508889
100000.0,99,2.651195315750454e-24,-115405.55555555555,228.5555540289988,58.16422888890071,57.3680244444 308.164228889 134.467746667
100000.0,100,3.228515280627399e-24,-115405.55555555555,228.55555395510237,58.16250333334506,57.3695122222 308.162503333 134.467984444
1000000.0,1,4449.382716049382,-115405.55555555555,66666666.66666669,58.333333333333314,57.2222222222 308.333333333 134.444444444
1000000.0,2,4449.359338311811,-115405.55555555555,228.55555536597967,58.333160777778176,57.222371 308.333160778 134.444468222
1000000.0,3,4.99653979221586e-25,-115405.55555555555,228.5555554228231,58.332988222222184,57.2225197778 308.332988222 134.444492
1000000.0,4,5.939638781625683e-25,-115405.55555555555,228.55555508176258,58.33281566666727,57.2226685556 308.332815667 134.444515778
1000000.0,5,4.6807598236704286e-24,-115405.55555555555,228.55555405858104,58.33264311111225,57.2228173333 308.332643111 134.444539556
1000000.0,6,1.466000594326819e-23,-115405.55555555555,228.55555263749557,58.33247055555756,57.2229661111 308.332470556 134.444563333
1000000.0,7,1.200482214678094e-24,-115405.55555555555,228.55555326277317,58.33229800000004,57.2231148889 308.332298 134.444587111
1000000.0,8,3.1054782229618884e-24,-115405.55555555555,228.55555258065215,58.332125444445694,57.2232636667 308.332125444 134.444610889
1000000.0,9,5.219793739280647e-24,-115405.55555555555,228.55555178484428,58.33195288889044,57.2234124444 308.331952889 134.444634667
1000000.0,10,7.833241534809005e-25,-115405.55555555555,228.55555206906138,58.33178033333388,57.2235612222 308.331780333 134.444658444
1000000.0,11,5.590604644574296e-26,-115405.55555555555,228.55555201221796,58.3316077777784,57.22371 308.331607778 134.444682222
1000000.0,12,3.9077013801028036e-25,-115405.55555555555,228.55555223959163,58.33143522222281,57.2238587778 308.331435222 134.444706
1000000.0,13,3.8824578311357317e-26,-115405.55555555555,228.5555524101219,58.3312626666675,57.2240075556 308.331262667 134.444729778
1000000.0,14,4.580913172989335e-24,-115405.55555555555,228.55555314908634,58.33109011111139,57.2241563333 308.331090111 134.444753556
1000000.0,15,3.297901382221559e-24,-115405.55555555555,228.5555524669653,58.330917555557335,57.2243051111 308.330917556 134.444777333
1000000.0,16,4.230987097207777e-25,-115405.55555555555,228.55555218274822,58.33074500000134,57.2244538889 308.330745 134.444801111
1000000.0,17,7.849784473898761e-24,-115405.55555555555,228.55555110272326,58.33057244444649,57.2246026667 308.330572444 134.444824889
1000000.0,18,1.6767000830386497e-23,-115405.55555555555,228.55555297855608,58.33039988888834,57.2247514444 308.330399889 134.444848667
1000000.0,19,2.2046032764576542e-27,-115405.55555555555,228.55555297855608,58.33022733333439,57.2249002222 308.330227333 134.444872444
1000000.0,20,2.617082866579617e-24,-115405.55555555555,228.55555326277317,58.3300547777784,57.225049 308.330054778 134.444896222
1000000.0,21,1.0720093794683402e-26,-115405.55555555555,228.55555326277317,58.32988222222315,57.2251977778 308.329882222 134.44492
1000000.0,22,3.1525826853344455e-25,-115405.55555555555,228.55555314908634,58.32970966666801,57.2253465556 308.329709667 134.444943778
1000000.0,23,8.61394035919733e-25,-115405.55555555555,228.55555263749557,58.3295371111123,57.2254953333 308.329537111 134.444967556
1000000.0,24,2.002318304068181e-24,-115405.55555555555,228.55555337646,58.32936455555557,57.2256441111 308.329364556 134.444991333
1000000.0,25,5.566202547239459e-25,-115405.55555555555,228.5555536606771,58.32919200000026,57.2257928889 308.329192 134.445015111
1000000.0,26,4.23110490043629e-24,-115405.55555555555,228.55555280802582,58.32901944444586,57.2259416667 308.329019444 134.445038889
1000000.0,27,1.9549950642712425e-24,-115405.55555555555,228.5555521259048,58.32884688888976,57.2260904444 308.328846889 134.445062667
1000000.0,28,8.599046665306758e-24,-115405.55555555555,228.555550932193,58.32867433333473,57.2262392222 308.328674333 134.445086444
1000000.0,29,3.246320397165508e-26,-115405.55555555555,228.55555081850616,58.32850177777806,57.226388 308.328501778 134.445110222
1000000.0,30,1.4900257213304142e-24,-115405.55555555555,228.55555115956668,58.328329222221726,57.2265367778 308.328329222 134.445134
1000000.0,31,7.276705425248284e-24,-115405.55555555555,228.55555019322856,58.32815666666755,57.2266855556 308.328156667 134.445157778
1000000.0,32,2.963760939060744e-25,-115405.55555555555,228.55555007954172,58.32798411111105,57.2268343333 308.327984111 134.445181556
1000000.0,33,8.396004386448273e-26,-115405.55555555555,228.55555025007197,58.32781155555483,57.2269831111 308.327811556 134.445205333
1000000.0,34,2.4818851499250352e-23,-115405.55555555555,228.55555229643505,58.327638999997475,57.2271318889 308.327639 134.445229111
1000000.0,35,9.594231510751975e-26,-115405.55555555555,228.55555258065215,58.32746644444342,57.2272806667 308.327466444 134.445252889
1000000.0,36,2.2406005772846994e-24,-115405.55555555555,228.55555195537454,58.32729388888845,57.2274294444 308.327293889 134.445276667
1000000.0,37,3.144168169012088e-25,-115405.55555555555,228.55555172800086,58.32712133333234,57.2275782222 308.327121333 134.445300444
1000000.0,38,9.61666461126738e-24,-115405.55555555555,228.55555042060223,58.326948777777545,57.227727 308.326948778 134.445324222
1000000.0,39,1.0578729920467796e-25,-115405.55555555555,228.55555025007197,58.326776222220644,57.2278757778 308.326776222 134.445348
1000000.0,40,1.2960324133249918e-23,-115405.55555555555,228.55554894267334,58.32660366666613,57.2280245556 308.326603667 134.445371778
1000000.0,41,1.1675309687597421e-23,-115405.55555555555,228.55554746474445,58.32643111111042,57.2281733333 308.326431111 134.445395556
1000000.0,42,5.905055119540794e-24,-115405.55555555555,228.5555464415629,58.32625855555443,57.2283221111 308.326258556 134.445419333
1000000.0,43,1.193683285489629e-25,-115405.55555555555,228.5555464415629,58.32608599999753,57.2284708889 308.326086 134.445443111
1000000.0,44,4.948964116929249e-24,-115405.55555555555,228.55554564575505,58.32591344444256,57.2286196667 308.325913444 134.445466889
1000000.0,45,2.98673256862078e-24,-115405.55555555555,228.55554621418923,58.32574088888521,57.2287684444 308.325740889 134.445490667
1000000.0,46,1.2306903282753572e-24,-115405.55555555555,228.55554564575505,58.32556833333075,57.2289172222 308.325568333 134.445514444
1000000.0,47,9.076856560155504e-24,-115405.55555555555,228.55554689631026,58.325395777773,57.229066 308.325395778 134.445538222
1000000.0,48,3.8493046368256427e-25,-115405.55555555555,228.55554706684052,58.32522322221803,57.2292147778 308.325223222 134.445562
1000000.0,49,1.4802143952985453e-24,-115405.55555555555,228.5555464415629,58.325050666663174,57.2293635556 308.325050667 134.445585778
1000000.0,50,3.401147497496885e-26,-115405.55555555555,228.55554655524975,58.324878111106784,57.2295123333 308.324878111 134.445609556
1000000.0,51,5.397945878857599e-24,-115405.55555555555,228.5555472942142,58.32470555555017,57.2296611111 308.324705556 134.445633333
1000000.0,52,2.67059919038981e-24,-115405.55555555555,228.55554661209317,58.32453299999554,57.2298098889 308.324533 134.445657111
1000000.0,53,6.620204861777954e-25,-115405.55555555555,228.55554615734582,58.32436044443966,57.2299586667 308.324360444 134.445680889
1000000.0,54,7.419920493054808e-26,-115405.55555555555,228.55554632787607,58.32418788888316,57.2301074445 308.324187889 134.445704667
1000000.0,55,2.5948180563906587e-24,-115405.55555555555,228.55554587312872,58.32401533332791,57.2302562222 308.324015333 134.445728444
1000000.0,56,2.316953898393771e-24,-115405.55555555555,228.5555454752248,58.323842777771915,57.230405 308.323842778 134.445752222
1000000.0,57,1.1115576061834203e-25,-115405.55555555555,228.55554536153795,58.32367022221581,57.2305537778 308.323670222 134.445776
1000000.0,58,6.328052855065703e-25,-115405.55555555555,228.55554513416428,58.32349766665982,57.2307025556 308.323497667 134.445799778
1000000.0,59,1.9181058247140276e-24,-115405.55555555555,228.55554450888667,58.32332511110434,57.2308513333 308.323325111 134.445823556
1000000.0,60,2.5882715626918647e-24,-115405.55555555555,228.5555451910077,58.32315255554698,57.2310001111 308.323152556 134.445847333
1000000.0,61,1.8761510463307533e-24,-115405.55555555555,228.5555449067906,58.3229799999923,57.2311488889 308.32298 134.445871111
1000000.0,62,1.3599541280194125e-25,-115405.55555555555,228.5555446225735,58.32280744443631,57.2312976667 308.322807444 134.445894889
1000000.0,63,6.593614990199305e-26,-115405.55555555555,228.55554473626034,58.322634888879975,57.2314464445 308.322634889 134.445918667
1000000.0,64,1.141159874605474e-24,-115405.55555555555,228.55554530469453,58.32246233332364,57.2315952222 308.322462333 134.445942444
1000000.0,65,3.241810216416724e-24,-115405.55555555555,228.5555445657301,58.32228977776873,57.231744 308.322289778 134.445966222
1000000.0,66,2.3978005712189814e-25,-115405.55555555555,228.55554439519983,58.322117222212455,57.2318927778 308.322117222 134.44599
1000000.0,67,2.529168000043626e-24,-115405.55555555555,228.5555436562354,58.32194466665669,57.2320415556 308.321944667 134.446013778
1000000.0,68,1.2138612956306424e-24,-115405.55555555555,228.55554422466957,58.321772111099506,57.2321903333 308.321772111 134.446037556
1000000.0,69,7.176740971338677e-25,-115405.55555555555,228.5555439972959,58.32159955554448,57.2323391111 308.321599556 134.446061333
1000000.0,70,2.538322993802351e-24,-115405.55555555555,228.55554331517487,58.32142699998883,57.2324878889 308.321427 134.446085111
1000000.0,71,5.118482962759463e-24,-115405.55555555555,228.55554263305385,58.32125444443318,57.2326366667 308.321254444 134.446108889
1000000.0,72,8.14732177105732e-24,-115405.55555555555,228.5555416098723,58.32108188887736,57.2327854445 308.321081889 134.446132667
1000000.0,73,6.456626664471325e-25,-115405.55555555555,228.55554143934205,58.3209093333204,57.2329342222 308.320909333 134.446156444
1000000.0,74,9.387234409221981e-26,-115405.55555555555,228.55554149618547,58.320736777764296,57.233083 308.320736778 134.446180222
1000000.0,75,1.4346750329619467e-25,-115405.55555555555,228.55554143934205,58.320564222208475,57.2332317778 308.320564222 134.446204
1000000.0,76,2.2470797548529148e-24,-115405.55555555555,228.55554229199333,58.32039166665152,57.2333805556 308.320391667 134.446227778
1000000.0,77,1.3293252886060314e-25,-115405.55555555555,228.55554263305385,58.32021911109621,57.2335293333 308.320219111 134.446251556
1000000.0,78,4.933548723026691e-24,-115405.55555555555,228.5555436562354,58.32004655553931,57.2336781111 308.320046556 134.446275333
1000000.0,79,7.695075176795896e-25,-115405.55555555555,228.55554325833145,58.31987399998445,57.2338268889 308.319874 134.446299111
1000000.0,80,6.792197575406941e-26,-115405.55555555555,228.5555434288617,58.31970144442789,57.2339756667 308.319701444 134.446322889
1000000.0,81,3.8190123780651568e-25,-115405.55555555555,228.55554348570513,58.31952888887167,57.2341244445 308.319528889 134.446346667
1000000.0,82,1.4456139041810114e-26,-115405.55555555555,228.55554354254855,58.31935633331574,57.2342732222 308.319356333 134.446370444
1000000.0,83,1.90526527280611e-24,-115405.55555555555,228.55554297411436,58.31918377776026,57.234422 308.319183778 134.446394222
1000000.0,84,8.178001097568636e-24,-115405.55555555555,228.5555418940894,58.31901122220489,57.2345707778 308.319011222 134.446418
1000000.0,85,1.0489536047450808e-25,-115405.55555555555,228.55554206461966,58.31883866664742,57.2347195556 308.318838667 134.446441778
1000000.0,86,2.509208767326994e-26,-115405.55555555555,228.55554195093282,58.318666111091204,57.2348683334 308.318666111 134.446465556
1000000.0,87,2.1958521794824024e-25,-115405.55555555555,228.55554206461966,58.31849355553527,57.2350171111 308.318493556 134.446489333
1000000.0,88,1.3612331345004109e-24,-115405.55555555555,228.5555418940894,58.31832099997939,57.2351658889 308.318321 134.446513111
1000000.0,89,6.114492430804271e-25,-115405.55555555555,228.55554149618547,58.3181484444234,57.2353146667 308.318148444 134.446536889
1000000.0,90,3.352696712512751e-24,-115405.55555555555,228.55554092775128,58.31797588886741,57.2354634445 308.317975889 134.446560667
1000000.0,91,1.6151327500112249e-24,-115405.55555555555,228.55554030247367,58.31780333331096,57.2356122222 308.317803333 134.446584444
1000000.0,92,8.261372125290553e-26,-115405.55555555555,228.5555403593171,58.3176307777544,57.235761 308.317630778 134.446608222
1000000.0,93,1.7328686623936504e-24,-115405.55555555555,228.5555400751,58.317458222198525,57.2359097778 308.317458222 134.446632
1000000.0,94,3.0775083707063722e-24,-115405.55555555555,228.55554087090786,58.31728566664151,57.2360585556 308.317285667 134.446655778
1000000.0,95,1.2196757264093912e-23,-115405.55555555555,228.55553962035265,58.31711311108694,57.2362073334 308.317113111 134.446679556
1000000.0,96,3.48465315747996e-24,-115405.55555555555,228.55553899507504,58.31694055553021,57.2363561111 308.316940556 134.446703333
1000000.0,97,2.734717804766174e-25,-115405.55555555555,228.55553905191846,58.316767999973024,57.2365048889 308.316768 134.446727111
1000000.0,98,1.8725328043121393e-24,-115405.55555555555,228.5555385403277,58.31659544441766,57.2366536667 308.316595444 134.446750889
1000000.0,99,9.368722473312794e-25,-115405.55555555555,228.55553876770136,58.31642288886047,57.2368024445 308.316422889 134.446774667
1000000.0,100,3.700552817279008e-24,-115405.55555555555,228.55553791505008,58.316250333305334,57.2369512222 308.316250333 134.446798444
100000000.0,1,4449.382716049382,-115405.55555555555,6666666666.666669,58.333333333333314,57.2222222222 308.333333333 134.444444444
100000000.0,2,4449.38248227161,-115405.55555555555,228.55548477172852,58.333331607778405,57.22222371 308.333331608 134.444444682
100000000.0,3,1.5847900041528039e-25,-115405.55555555555,228.5554961404123,58.33332988222219,57.2222251978 308.333329882 134.44444492
100000000.0,4,9.952588931888535e-24,-115405.55555555555,228.55535971620702,58.333328156668074,57.2222266856 308.333328157 134.444445158
100000000.0,5,2.517959864302246e-25,-115405.55555555555,228.5553654005489,58.333326431111004,57.2222281733 308.333326431 134.444445396
100000000.0,6,1.8706311236232866e-24,-115405.55555555555,228.55531424147193,58.333324705555924,57.2222296611 308.333324706 134.444445633
100000000.0,7,2.0382314597320024e-24,-115405.55555555555,228.5552517137112,58.3333229800005,57.2222311489 308.33332298 134.444445871
100000000.0,8,2.428328436436494e-24,-115405.55555555555,228.55518350160855,58.33332125444497,57.2222326367 308.333321254 134.444446109
100000000.0,9,1.4422480976520686e-26,-115405.55555555555,228.55517781726667,58.33331952888875,57.2222341244 308.333319529 134.444446347
100000000.0,10,1.40791687105685e-25,-115405.55555555555,228.5551664485829,58.33331780333299,57.2222356122 308.333317803 134.444446584
100000000.0,11,3.460890563385623e-25,-115405.55555555555,228.55518918595044,58.33331607777734,57.2222371 308.333316078 134.444446822
100000000.0,12,9.505879089367221e-25,-115405.55555555555,228.55515507989912,58.333314352222146,57.2222385878 308.333314352 134.44444706
100000000.0,13,1.3529532504392112e-24,-115405.55555555555,228.55506981477083,58.33331262666661,57.2222400756 308.333312627 134.444447298
100000000.0,14,1.3688735153211113e-25,-115405.55555555555,228.5550470774033,58.33331090111096,57.2222415633 308.333310901 134.444447536
100000000.0,15,6.248619820982648e-26,-115405.55555555555,228.55505844608706,58.33330917555543,57.2222430511 308.333309176 134.444447773
100000000.0,16,2.036312950010505e-26,-115405.55555555555,228.55505276174517,58.333307449999666,57.2222445389 308.33330745 134.444448011
100000000.0,17,4.6128378479163584e-26,-115405.55555555555,228.5550413930614,58.333305724444074,57.2222460267 308.333305724 134.444448249
100000000.0,18,1.3840869608319338e-24,-115405.55555555555,228.55497886530065,58.333303998888994,57.2222475144 308.333303999 134.444448487
100000000.0,19,1.430467774800768e-25,-115405.55555555555,228.55498454964254,58.33330227333283,57.2222490022 308.333302273 134.444448724
100000000.0,20,4.113739226772049e-24,-115405.55555555555,228.5548822314886,58.33330054777821,57.22225049 308.333300548 134.444448962
100000000.0,21,1.35862463444048e-24,-115405.55555555555,228.55482538806973,58.33329882222222,57.2222519778 308.333298822 134.4444492
100000000.0,22,1.8791297851088676e-25,-115405.55555555555,228.5548367567535,58.33329709666572,57.2222534656 308.333297097 134.444449438
100000000.0,23,3.2799784624549373e-25,-115405.55555555555,228.55481970372784,58.33329537111058,57.2222549533 308.333295371 134.444449676
100000000.0,24,6.899903384333116e-26,-115405.55555555555,228.5547969663603,58.333293645555045,57.2222564411 308.333293646 134.444449913
100000000.0,25,1.1364645744975984e-25,-115405.55555555555,228.5547912820184,58.33329191999917,57.2222579289 308.33329192 134.444450151
100000000.0,26,1.9209499312309845e-24,-115405.55555555555,228.5547514916252,58.33329019444386,57.2222594167 308.333290194 134.444450389
100000000.0,27,6.364066984925393e-25,-115405.55555555555,228.55478559767653,58.33328846888753,57.2222609044 308.333288469 134.444450627
100000000.0,28,3.1164002651483088e-25,-115405.55555555555,228.55476854465087,58.333286743332394,57.2222623922 308.333286743 134.444450864
100000000.0,29,1.3201534658146617e-23,-115405.55555555555,228.55460369873617,58.33328501777822,57.22226388 308.333285018 134.444451102
100000000.0,30,7.931523085454141e-26,-115405.55555555555,228.55460938307806,58.33328329222081,57.2222653678 308.333283292 134.44445134
100000000.0,31,7.284446780264852e-25,-115405.55555555555,228.55456959268486,58.33328156666562,57.2222668556 308.333281567 134.444451578
100000000.0,32,2.0896609834942514e-25,-115405.55555555555,228.55453548663354,58.33327984110986,57.2222683433 308.333279841 134.444451816
100000000.0,33,7.364384685327248e-26,-115405.55555555555,228.55451843360788,58.333278115554094,57.2222698311 308.333278116 134.444452053
100000000.0,34,2.406270623349066e-23,-115405.55555555555,228.55470033254824,58.333276389996456,57.2222713189 308.33327639 134.444452291
100000000.0,35,1.6441964893886472e-25,-115405.55555555555,228.5546775951807,58.33327466444297,57.2222728067 308.333274664 134.444452529
100000000.0,36,2.54488631653379e-25,-115405.55555555555,228.554711701232,58.333272938886694,57.2222742944 308.333272939 134.444452767
100000000.0,37,5.16062286050183e-24,-115405.55555555555,228.5547969663603,58.33327121333048,57.2222757822 308.333271213 134.444453004
100000000.0,38,3.601766395654531e-24,-115405.55555555555,228.55472875425767,58.33326948777625,57.22227727 308.333269488 134.444453242
100000000.0,39,1.4980868279672325e-24,-115405.55555555555,228.55476854465087,58.33326776221952,57.2222787578 308.333267762 134.44445348
100000000.0,40,7.837280502643737e-26,-115405.55555555555,228.55477422899276,58.33326603666421,57.2222802456 308.333266037 134.444453718
100000000.0,41,6.230107885073463e-26,-115405.55555555555,228.55476286030898,58.333264311108564,57.2222817333 308.333264311 134.444453956
100000000.0,42,6.439780802793965e-24,-115405.55555555555,228.55466622649692,58.33326258555377,57.2222832211 308.333262586 134.444454193
100000000.0,43,3.990163640061907e-26,-115405.55555555555,228.5546775951807,58.33326085999698,57.2222847089 308.33326086 134.444454431
100000000.0,44,4.879241434682196e-25,-115405.55555555555,228.5546321204456,58.33325913444173,57.2222861967 308.333259134 134.444454669
100000000.0,45,4.491668812874411e-26,-115405.55555555555,228.55462643610372,58.33325740888557,57.2222876844 308.333257409 134.444454907
100000000.0,46,6.031188719212932e-25,-115405.55555555555,228.55458096136863,58.33325568333055,57.2222891722 308.333255683 134.444455144
100000000.0,47,2.4763921536698003e-25,-115405.55555555555,228.5545923300524,58.33325395777399,57.22229066 308.333253958 134.444455382
100000000.0,48,6.4270075670166265e-25,-115405.55555555555,228.55461506741995,58.333252232218115,57.2222921478 308.333252232 134.44445562
100000000.0,49,3.4375823531726926e-24,-115405.55555555555,228.5545468553173,58.333250506663205,57.2222936356 308.333250507 134.444455858
100000000.0,50,5.785821423252989e-26,-115405.55555555555,228.5545468553173,58.33324878110693,57.2222951233 308.333248781 134.444456096
100000000.0,51,9.652628254029136e-25,-115405.55555555555,228.55452980229165,58.33324705555128,57.2222966111 308.333247056 134.444456333
100000000.0,52,3.228818203215004e-25,-115405.55555555555,228.55449001189845,58.33324532999558,57.2222980989 308.33324533 134.444456571
100000000.0,53,1.0247197977366913e-25,-115405.55555555555,228.55449001189845,58.33324360443942,57.2222995867 308.333243604 134.444456809
100000000.0,54,6.657733604575669e-25,-115405.55555555555,228.55445022150525,58.333241878883996,57.2223010745 308.333241879 134.444457047
100000000.0,55,1.624506521194331e-25,-115405.55555555555,228.5544274841377,58.333240153328006,57.2223025622 308.333240153 134.444457284
100000000.0,56,6.155471125294152e-24,-115405.55555555555,228.55435358769319,58.333238427772585,57.22230405 308.333238428 134.444457522
100000000.0,57,7.414871783261392e-26,-115405.55555555555,228.55437064071884,58.3332367022158,57.2223055378 308.333236702 134.44445776
100000000.0,58,2.0883819770132526e-24,-115405.55555555555,228.55432516598376,58.33323497666055,57.2223070256 308.333234977 134.444457998
100000000.0,59,1.3172083851018364e-25,-115405.55555555555,228.5543024286162,58.333233251104446,57.2223085133 308.333233251 134.444458236
100000000.0,60,1.722788071839466e-24,-115405.55555555555,228.55423990085546,58.33323152554897,57.2223100011 308.333231526 134.444458473
100000000.0,61,2.0935316610025357e-26,-115405.55555555555,228.55423990085546,58.33322979999241,57.2223114889 308.3332298 134.444458711
100000000.0,62,1.5136705121962384e-24,-115405.55555555555,228.55420579480415,58.333228074436875,57.2223129767 308.333228074 134.444458949
100000000.0,63,7.422276557625067e-25,-115405.55555555555,228.55416032006906,58.333226348880885,57.2223144645 308.333226349 134.444459187
100000000.0,64,1.990033110237539e-25,-115405.55555555555,228.55413189835963,58.33322462332484,57.2223159522 308.333224623 134.444459424
100000000.0,65,2.114063080829088e-25,-115405.55555555555,228.55412052967586,58.33322289776868,57.22231744 308.333222898 134.444459662
100000000.0,66,8.51599538920509e-24,-115405.55555555555,228.55398978981248,58.33322117221394,57.2223189278 308.333221172 134.4444599
100000000.0,67,4.429350904991032e-24,-115405.55555555555,228.55391589336796,58.33321944665727,57.2223204156 308.333219447 134.444460138
100000000.0,68,2.3373843440244547e-25,-115405.55555555555,228.55391589336796,58.333217721100766,57.2223219033 308.333217721 134.444460376
100000000.0,69,2.4369449011505887e-24,-115405.55555555555,228.5539443150774,58.33321599554438,57.2223233911 308.333215996 134.444460613
100000000.0,70,6.122402076147287e-26,-115405.55555555555,228.55392726205173,58.3332142699889,57.2223248789 308.33321427 134.444460851
100000000.0,71,1.407496145240732e-24,-115405.55555555555,228.55388178731664,58.333212544433025,57.2223263667 308.333212544 134.444461089
100000000.0,72,1.2106806084607912e-25,-115405.55555555555,228.55388178731664,58.33321081887675,57.2223278545 308.333210819 134.444461327
100000000.0,73,3.4999339191213615e-25,-115405.55555555555,228.55384768126532,58.33320909332093,57.2223293422 308.333209093 134.444461564
100000000.0,74,4.360402358245635e-25,-115405.55555555555,228.5538192595559,58.33320736776483,57.22233083 308.333207368 134.444461802
100000000.0,75,2.477805792411956e-24,-115405.55555555555,228.55375104745326,58.33320564220918,57.2223323178 308.333205642 134.44446204
100000000.0,76,4.9645646301909006e-26,-115405.55555555555,228.55375104745326,58.33320391665251,57.2223338056 308.333203917 134.444462278
100000000.0,77,1.1690287526651218e-23,-115405.55555555555,228.55359188588045,58.33320219109811,57.2223352933 308.333202191 134.444462516
100000000.0,78,6.622729216674662e-25,-115405.55555555555,228.55364304495743,58.3332004655399,57.2223367811 308.333200466 134.444462753
100000000.0,79,2.1091826613621204e-25,-115405.55555555555,228.5536487292993,58.333198739984255,57.2223382689 308.33319874 134.444462991
100000000.0,80,2.5750102849678295e-25,-115405.55555555555,228.5536089389061,58.33319701442855,57.2223397567 308.333197014 134.444463229
100000000.0,81,6.27689259582577e-25,-115405.55555555555,228.5535691485129,58.3331952888725,57.2223412445 308.333195289 134.444463467
100000000.0,82,1.9135451568673097e-24,-115405.55555555555,228.55364304495743,58.33319356331532,57.2223427322 308.333193563 134.444463704
100000000.0,83,8.48351535620079e-26,-115405.55555555555,228.5536487292993,58.33319183775984,57.22234422 308.333191838 134.444463942
100000000.0,84,1.1497931683522127e-24,-115405.55555555555,228.55358051719668,58.333190112204306,57.2223457078 308.333190112 134.44446418
100000000.0,85,1.1699038623626467e-24,-115405.55555555555,228.55355777982913,58.33318838664803,57.2223471956 308.333188387 134.444464418
100000000.0,86,1.4287848715362966e-25,-115405.55555555555,228.55354641114536,58.333186661091815,57.2223486834 308.333186661 134.444464656
100000000.0,87,1.549348061403034e-24,-115405.55555555555,228.55351798943593,58.333184935535826,57.2223501711 308.333184936 134.444464893
100000000.0,88,3.185735879644534e-26,-115405.55555555555,228.55350093641027,58.33318320997938,57.2223516589 308.33318321 134.444465131
100000000.0,89,4.014397447070296e-25,-115405.55555555555,228.55347251470084,58.33318148442345,57.2223531467 308.333181484 134.444465369
100000000.0,90,2.5218305418105305e-25,-115405.55555555555,228.5534440929914,58.3331797588674,57.2223546345 308.333179759 134.444465607
100000000.0,91,1.4975987860205359e-24,-115405.55555555555,228.55338156523067,58.33317803331164,57.2223561222 308.333178033 134.444465844
100000000.0,92,3.631705244729479e-26,-115405.55555555555,228.5533701965469,58.333176307755025,57.22235761 308.333176308 134.444466082
100000000.0,93,3.372201561347975e-25,-115405.55555555555,228.55338156523067,58.33317458219875,57.2223590978 308.333174582 134.44446632
100000000.0,94,7.607227626390484e-25,-115405.55555555555,228.55339861825632,58.33317285664236,57.2223605856 308.333172857 134.444466558
100000000.0,95,9.750741514347822e-26,-115405.55555555555,228.55337588088878,58.3331711310866,57.2223620734 308.333171131 134.444466796
100000000.0,96,2.8838566920636377e-24,-115405.55555555555,228.55331335312803,58.333169405530725,57.2223635611 308.333169406 134.444467033
100000000.0,97,4.138932288641187e-25,-115405.55555555555,228.5532849314186,58.33316767997434,57.2223650489 308.33316768 134.444467271
100000000.0,98,6.910000803919946e-26,-115405.55555555555,228.55327356273483,58.33316595441818,57.2223665367 308.333165954 134.444467509
100000000.0,99,5.972455395282877e-25,-115405.55555555555,228.55322240365786,58.33316422886219,57.2223680245 308.333164229 134.444467747
100000000.0,100,3.37489420657113e-25,-115405.55555555555,228.55317692892277,58.33316250330597,57.2223695122 308.333162503 134.444467984
