rho,iter,conv,wmax,xerr,xbar
0.1,1,32.839506172839506,6.666666666666669,58.333333333333314,57.2222222222 308.333333333 134.444444444
0.1,2,32.83950617140695,13.333333333101724,58.33333333208088,57.2222222254 308.333333332 134.444444441
0.1,3,32.83950616321132,19.99999999780377,58.33333332388651,57.2222222335 308.333333324 134.444444441
0.1,4,32.8395060915158,26.666666646448714,58.33333324506782,57.2222223125 308.333333245 134.444444439
0.1,5,23.37448564382323,30.851851854063995,45.92592604003295,69.6296295201 295.92592604 134.444444437
0.1,6,22.167339043302015,32.56791337794627,35.55555556192206,81.9752479391 283.580307621 134.444444438
0.1,7,22.222221009024807,34.61729055802436,35.555555584608584,82.2222168732 283.33333871 134.444444415
0.1,8,22.222221039435194,39.11111102245441,35.55555595444963,82.2222184872 283.333337466 134.444444046
0.1,9,22.22222139752839,43.99999989121279,35.555555657643424,82.2222189158 283.333336741 134.444444342
0.1,10,18.710570374599108,47.835393465098015,40.823032132704355,87.4896952126 283.33333692 129.176967867
0.1,11,15.598234087437687,49.87380414484097,49.80794660341272,96.4746128716 283.333333731 120.192053397
0.1,12,15.713055723346681,51.28395935652003,54.04206449323357,100.708721345 283.333343145 115.957935507
0.1,13,15.674778764640795,54.61729280640299,53.869835450403315,100.536500938 283.333334509 116.13016455
0.1,14,15.555555552868153,57.950626169475136,52.34364826348941,99.0103146225 283.333333639 117.656351737
0.1,15,15.555555552820957,61.28395951419607,51.383598419203864,98.0502649625 283.333333455 118.616401581
0.1,16,15.555555552367448,64.6172928521162,51.252293990103794,97.9189606 283.333333388 118.74770601
0.1,17,15.5555555517982,67.95062618686404,51.484774158241535,98.1514407976 283.333333357 118.515225842
0.1,18,15.555555550501765,71.28395952143796,51.68352918859917,98.3501958288 283.333333356 118.316470811
0.1,19,15.555555550721515,74.61729285553093,51.73853917372209,98.4052058187 283.333333352 118.261460826
0.1,20,15.555555551465773,77.95062618923609,51.70896083970902,98.3756274887 283.333333348 118.29103916
0.1,21,15.555555551527261,81.28395952247226,51.67090529172788,98.3375719458 283.333333343 118.329094708
0.1,22,15.555555550220731,84.61729285511278,51.65539437312292,98.3220610339 283.333333337 118.344605627
0.1,23,15.555555551490121,87.95062618769617,51.65773893495705,98.3244055963 283.333333336 118.342261065
0.1,24,15.555553634872998,91.28395923276646,51.66446939234244,98.3311389277 283.333330462 118.335530608
0.1,25,15.555554940390842,94.61729247358444,51.668177761224854,98.3348453381 283.333332421 118.331822239
0.1,26,13.044841597172784,97.4691354815624,46.853503063381524,98.3350729676 278.518430093 123.146496937
0.1,27,11.83799516368012,99.89817444319684,41.01941137754545,96.7290217512 274.290389625 128.980588622
0.1,28,12.21080405388541,102.15230249961552,37.59266232071579,95.0513817533 272.541280567 132.407337679
0.1,29,12.31334610832842,104.40160390801194,37.08295659529321,94.5899425084 272.493014086 132.917043405
0.1,30,12.196231332407237,106.71857049462359,38.28662486795071,95.1169589952 273.169665871 131.713375132
0.1,31,12.032064129934746,109.1075139086702,39.74514555252023,95.8557114013 273.889434149 130.254854447
0.1,32,11.93340259408933,111.53772824825053,40.60183171854547,96.2996883086 274.302143407 129.398168281
0.1,33,11.918437661031957,113.97395110424644,40.72925908056257,96.3670305048 274.362228573 129.270740919
0.1,34,11.952182989034519,116.39526781014239,40.42834360374832,96.2151765287 274.213167072 129.571656396
0.1,35,11.992935143351708,118.7984600781106,40.063714531947255,96.0317918454 274.031922685 129.936285468
0.1,36,12.0167595297641,121.19095616147543,39.84954294679494,95.9245821063 273.924960839 130.150457053
0.1,37,12.020268748412818,123.58184566988221,39.817685712980676,95.9087906215 273.90889509 130.182314287
0.1,38,12.011895271130363,125.97648995919369,39.892914169440616,95.946471268 273.9464429 130.107085831
0.1,39,12.001766866241688,128.37569217204785,39.984071226485185,95.9920490885 273.992022137 130.015928774
0.1,40,11.99582017509392,130.777572681427,40.03761430218486,96.0188091978 274.018805103 129.962385698
0.1,41,11.99493604532677,133.1798517763362,40.04557874105183,96.0227877804 274.022790959 129.954421259
0.1,42,11.997025568755632,135.5811904493456,40.02677166622675,96.0133849236 274.013386741 129.973228334
0.1,43,11.999557527180002,137.98138957385999,40.00398236789141,96.0019911093 274.001991257 129.996017632
0.1,44,12.001044796994515,140.3809194024874,39.99059669438276,95.9952983936 273.995298299 130.009403306
0.1,45,12.00126604336611,142.78034967606317,39.988605534672075,95.994302783 273.99430275 130.011394465
0.1,46,12.00074364056472,145.18001505036608,39.99330735391004,95.9966535928 273.996653759 130.006692646
0.1,47,12.000110563583618,147.57996528324097,39.999004786681525,95.9995024343 273.999502347 130.000995213
0.1,48,11.999738706675053,149.9800828516389,40.002351488150964,96.0011757772 274.001175705 129.997648512
0.1,49,11.999683370381268,152.38022530613804,40.002849346748405,96.001424771 274.001424568 129.997150653
0.1,50,11.999813966700156,154.78030898863176,40.00167392285394,96.0008370633 274.000836851 129.998326077
0.1,51,11.9999722222013,157.18032144844778,40.00024952153777,96.0001248851 274.000124627 129.999750478
0.1,52,12.000065178382874,159.58029207385465,39.99941284558531,95.9997065494 273.999706286 130.000587154
0.1,53,12.000078974792082,161.98025646782793,39.99928832347001,95.9996443358 273.999643976 130.000711677
0.1,54,12.000046323195788,164.38023555063143,39.999582105702245,95.9997912262 273.999790868 130.000417894
0.1,55,12.000006755310427,166.78023243494687,39.99993809530406,95.9999691964 273.999968887 130.000061905
0.1,56,11.999983533926113,169.18023977585088,40.00014710795227,96.0000736392 274.000073458 129.999852892
0.1,57,11.999980079597197,171.5802486690596,40.00017806638442,96.0000890695 274.000088987 129.999821934
0.1,58,11.999988238119496,173.98025388451273,40.00010443997007,96.0000522149 274.000052216 129.99989556
0.1,59,11.99999807888433,176.38025463839642,40.0000151981215,96.0000075817 274.000007607 129.999984802
0.1,60,12.000003912480459,178.7802527451786,39.999962399547655,95.9999812465 273.999981144 130.0000376
0.1,61,12.000004768511916,181.18025045417843,39.99995423817734,95.9999770535 273.999977175 130.000045762
0.1,62,12.000002187670818,183.5802491773741,39.99997219536351,95.9999848574 273.999987328 130.000027805
0.1,63,11.999996003298044,185.98024943711638,39.99998968858742,95.9999869716 274.000002706 130.000010311
0.1,64,11.999998589445397,188.38024996422917,40.000004872275355,95.9999994672 274.000005393 129.999995128
0.1,65,11.810558820921472,190.75183441941087,39.71584893296841,96.0000043809 273.715844552 130.284151067
0.1,66,9.20704070962781,192.51396702761588,33.526606362300214,95.9052802801 267.621326082 136.473393638
0.1,67,6.582530562533833,193.4761059906864,23.479375733408062,93.8579860829 259.621389647 146.520624267
0.1,68,4.0670636917203025,193.73070502582777,11.696883682745437,89.1508933074 252.545990371 158.303116317
0.1,69,1.5034612155770144,193.50280781377666,2.278972120321498,82.2076312325 247.72102788 170.071340887
0.1,70,2.63100938634033,192.9502842264465,9.866296715863655,75.6589391574 244.474764127 179.866296716
0.1,71,4.369167165439568,192.18402169419335,15.736913595470867,71.9257117246 242.33737468 185.736913595
0.1,72,4.801673434942965,191.33389544759922,16.881545253806223,71.6197172121 241.498737534 186.881545254
0.1,73,4.005817108234357,190.5664641871225,15.014182662348475,72.6601299424 242.325687395 185.014182662
0.1,74,3.236744244637873,190.00498238391742,12.15890535494043,73.4559126735 244.385181971 182.158905355
0.1,75,2.273283581303348,189.6721557434089,8.329625948925013,74.9986404561 246.671733595 178.329625949
0.1,76,1.1019431175110996,189.54506424356654,3.7502870110526487,77.5206279868 248.729085002 173.750287011
0.1,77,0.23617533431793764,189.59820369378653,0.6908730522834787,80.1594785498 250.531394502 169.309126948
0.1,78,1.1404499787295856,189.8004230475487,4.276691442591925,82.2544979047 252.022193538 165.723308557
0.1,79,1.747222214432442,190.10711482316447,6.552097113786743,83.4851792989 253.066917808 163.447902886
0.1,80,1.9616665573113212,190.45982207525617,7.356248949477049,83.8291763802 253.527072563 162.643751051
0.1,81,1.8134233953637324,190.79518996817836,6.80033775185521,83.4466587631 253.353678982 163.199662248
0.1,82,1.3876519222306725,191.0582777828042,5.203682370348417,82.5728042238 252.630878146 164.79631763
0.1,83,0.8015628388060949,191.21379857668515,3.005857797815082,81.4506498587 251.555207939 166.994142202
0.1,84,0.17956367587148414,191.25124257565324,0.6733621855449599,80.2989221955 250.37443999 169.326637814
0.1,85,0.36869593314275384,191.18327389809568,1.3826104312720418,79.2970763439 249.320313225 171.382610431
0.1,86,0.7641293844090866,191.0392734773464,2.8654850194908477,78.5745191875 248.559995793 172.865485019
0.1,87,0.96630206361723,190.85678472494988,3.6236322494403055,78.2012552739 248.175112477 173.623632249
0.1,88,0.9737287701811302,190.67326652440306,3.6514828659273633,78.183699139 248.164817995 173.651482866
0.1,89,0.8176297162909678,190.5196704828822,3.066111861911679,78.4698485528 248.464039585 173.066111862
0.1,90,0.5512758594396858,190.41648787682718,2.067284747432609,78.9645413127 248.96817394 172.067284747
0.1,91,0.23743520589841674,190.3722956897138,0.8903818982000757,79.5515399725 249.558078129 170.890381898
0.1,92,0.06367109729393405,190.38447018745643,0.23876704709073238,80.1170220693 250.121744978 169.761232953
0.1,93,0.30398110222589814,190.44153941205482,1.1399296246887332,80.5692373784 250.570692246 168.860070375
0.1,94,0.45357587512191977,190.5265396159373,1.7009099004029622,80.8509078613 250.850002039 168.2990901
0.1,95,0.5026422004012545,190.62070338596948,1.8849083852277886,80.9432706846 250.941637701 168.115091615
0.1,96,0.45975713476374047,190.7068488274327,1.7240891421909055,80.8626347272 250.861454415 168.275910858
0.1,97,0.347393440055266,190.77196686318692,1.3027251214728608,80.6515447636 250.651180358 168.697274879
0.1,98,0.1958581773814324,190.80870150712366,0.7344678330411227,80.3671213933 250.36734644 169.265532167
0.1,99,0.036935818062487,190.81564728818336,0.13850901816232408,80.0690512072 250.069457811 169.861490982
0.1,100,0.10165540251323711,190.7966015682034,0.38120798424665736,79.8092492152 249.8095428 170.381207984
1.0,1,32.839506172839506,66.66666666666669,58.333333333333314,57.2222222222 308.333333333 134.444444444
1.0,2,18.921810023638916,91.46296210887604,40.16666627420486,87.0370374797 283.12962879 129.833333726
1.0,3,12.452674685378037,113.58024651906501,42.38888872876893,100.271604304 272.117284421 127.611111271
1.0,4,12.169181361523197,136.19958843734884,42.30555566076731,99.6862137256 272.619341933 127.694444339
1.0,5,11.802850119000947,160.4235253996229,41.11111131878488,96.8871743259 274.223936989 128.888888681
1.0,6,12.07389617299138,184.71439183888648,39.95833346874116,95.6674669066 274.29086656 130.041666531
1.0,7,9.7767693456351,204.48323247925478,35.31106164354611,95.5422185666 269.768843065 134.688938356
1.0,8,7.3234000294207675,216.45343569342322,26.316996813252246,94.3467934611 261.970203351 143.683003187
1.0,9,4.602579953847137,219.8392351149225,16.022913831716494,92.637112958 253.385800874 153.977086168
1.0,10,3.1713711152022293,214.86140641640304,13.085187292056148,93.0851872921 245.022171404 161.892641304
1.0,11,4.0222807126293025,205.81127481297042,11.621337727812218,91.6213377278 240.949868401 167.428793871
1.0,12,3.888129305746241,197.06298388360796,8.74829023746878,87.9704172292 241.251709763 170.777873
1.0,13,2.5026513176710554,191.43201842864255,5.63096492822217,82.9117547422 244.369035072 172.719210176
1.0,14,1.0356774020583623,189.39843948892562,3.883789569341502,78.1497893694 247.966421061 173.883789569
1.0,15,1.8433257295518597,189.3389480841822,4.206973983780983,75.8525174195 249.940508597 174.206973984
1.0,16,1.8126842351691483,189.5412197463521,3.9774036725679593,76.0225963274 250.202271664 173.775132009
1.0,17,1.0937249029686156,189.21602116364278,2.7860742623942656,77.5391243176 249.674801418 172.786074262
1.0,18,0.39933790593506857,188.49018341730044,1.4975131885530573,79.2283245555 249.274162254 171.497513189
1.0,19,0.36001424706980206,187.89211841691187,0.5980645147480175,80.4239398279 249.401935485 170.174124676
1.0,20,0.45472074377809374,187.84851662862846,1.0013207834486622,81.0013207834 249.956398617 169.042280591
1.0,21,0.5056049901167496,188.45220781700544,1.741302836543582,81.1376112431 250.603691585 168.258697163
1.0,22,0.5610857501416496,189.49851414921616,2.104071973050168,81.0577652004 251.046306764 167.895928027
1.0,23,0.5481868072506981,190.654114942132,2.0557010860480602,80.9000997883 251.155601289 167.944298914
1.0,24,0.4460732482795622,191.62111747128185,1.67277539975683,80.7057722859 250.967003104 168.3272246
1.0,25,0.2866331191298094,192.22529441828468,1.0748751010428919,80.4706974866 250.604177604 168.925124899
1.0,26,0.10599423393876212,192.4254657561984,0.3974794811927893,80.1973074031 250.200172067 169.602520519
1.0,27,0.06603086757445611,192.27689630407843,0.2332645554575663,79.9153048957 249.851430549 170.233264555
1.0,28,0.19200190965796715,191.88423936256402,0.7200071331214417,79.6726498074 249.607343059 170.720007133
1.0,29,0.2681666049418507,191.36474217964115,1.005624742641885,79.5138724393 249.480502818 171.005624743
1.0,30,0.2869427496531816,190.8263664005549,1.0760352850348056,79.4623404931 249.461624222 171.076035285
1.0,31,0.25476574662878054,190.35666490660932,0.9553715213740475,79.5143299717 249.530298507 170.955371521
1.0,32,0.18549062237549346,190.01703334588044,0.6955898019761548,79.6440417579 249.66036844 170.695589802
1.0,33,0.09684625192448316,189.8396178582301,0.36317340939561404,79.8142420774 249.822584513 170.363173409
1.0,34,0.006835039553026136,189.82689159184352,0.02562929402748182,79.9870963653 249.98727433 170.025629294
1.0,35,0.069314260359936,189.95485909117969,0.25992889280087184,80.1319608034 250.127968079 169.740071107
1.0,36,0.12121920957317735,190.18010413826934,0.45457253371881734,80.2293268999 250.225245624 169.545427466
1.0,37,0.14427011970722958,190.44956802784472,0.5410135270557532,80.2715490425 250.269464474 169.458986473
1.0,38,0.13943419477664065,190.71098503785097,0.5228788852424486,80.2614612636 250.261417611 169.477121115
1.0,39,0.112165241054244,190.921794028984,0.4206203799614059,80.2098107558 250.210809614 169.57937962
1.0,40,0.07074693273755076,191.05495470911595,0.2653017850471713,80.1321404496 250.133161325 169.734698215
1.0,41,0.024440554281508438,191.1010413052648,0.09165290844035212,80.0455656377 250.04608726 169.908347092
1.0,42,0.018221484134168502,191.06688144676826,0.06832972031651252,79.9658294503 249.965840818 170.06832972
1.0,43,0.05073608333414528,190.97162656823625,0.19026176954821494,79.9049931081 249.904745122 170.19026177
1.0,44,0.06937640901865905,190.84141896893553,0.2601615049277086,79.8700460935 249.869792401 170.260161505
1.0,45,0.07334694868946201,190.70382859665244,0.27505102804926196,79.8625393434 249.862409628 170.275051028
1.0,46,0.06443124068453049,190.58301859505178,0.24161712228760734,79.8791928785 249.879189999 170.241617122
1.0,47,0.04626294464692807,190.4963065743359,0.17348601142089137,79.9132260085 249.91328798 170.173486011
1.0,48,0.023412352371459458,190.45243997682653,0.0877941315241344,79.9560718159 249.956134042 170.087794132
1.0,49,0.000467319180854828,190.45157923308116,0.0017518401847951282,79.9991082615 249.999139888 170.00175184
1.0,50,0.01873106114489076,190.48670008931228,0.07024209531161318,80.0351206014 250.035121483 169.929757905
1.0,51,0.03160785712132016,190.5459572144121,0.11853009872078246,80.0592723366 250.059257751 169.881469901
1.0,52,0.037070539527882654,190.61545681902064,0.13901518087243403,80.0695149368 250.069500233 169.860984819
1.0,53,0.035444352449189864,190.68191112746985,0.1329170031295348,80.0664620506 250.066454942 169.867082997
1.0,54,0.028181809814949728,190.73475199251487,0.10568248935177849,80.0528409744 250.052841504 169.894317511
1.0,55,0.01743273100768287,190.767440253019,0.0653734597616733,80.0326845436 250.032688905 169.93462654
1.0,56,0.005569719917733412,190.77788537267645,0.020887176996666312,80.0104413968 250.010445769 169.979112823
1.0,57,0.005244399944605978,190.76805306443086,0.019665771439662194,79.9901658731 249.990168345 170.019665771
1.0,58,0.013382092400013966,190.74296163003714,0.050182124128753,79.9749086453 249.97490922 170.050182124
1.0,59,0.017933149577088,190.70933649120002,0.06724859953553164,79.9663758748 249.966375515 170.0672486
1.0,60,0.018736837821846406,190.6742044453148,0.07026244371181178,79.9648689397 249.964868606 170.070262444
1.0,61,0.016283773588095112,190.64367214310042,0.061063465589001,79.9694681769 249.969468347 170.061063466
1.0,62,0.011525595174875194,190.6220616719898,0.04322030646508779,79.978389508 249.978390175 170.043220306
1.0,63,0.005639519059057661,190.6114877171683,0.0211475269582877,79.989425774 249.989426688 170.021147527
1.0,64,0.00020545913237570958,190.6118730965204,0.0007711395726914816,80.0003851083 250.00038602 169.99922886
1.0,65,0.005042026878238441,190.62132697741606,0.018908270639087732,80.009453739 250.009454521 169.981091729
1.0,66,0.00823215935270759,190.63676229180126,0.030871272123079052,80.0154353071 250.015435954 169.969128728
1.0,67,0.009518575287272155,190.65460960056154,0.03569533803863578,80.0178473779 250.017847949 169.964304662
1.0,68,0.009004159636458238,190.67149237499558,0.03376628574361007,80.0168828587 250.016883416 169.966233714
1.0,69,0.007074788162645025,190.68475758919786,0.02653114826989622,80.01326528 250.013265857 169.973468852
1.0,70,0.0042878495201108535,190.6927973063344,0.016080132345450693,80.0080397596 250.008040362 169.983919868
1.0,71,0.0012507616301746793,190.6951424906805,0.004691054765487479,80.0023452136 250.00234583 169.995308945
1.0,72,0.0014886028325867705,190.69235136756248,0.005581561979454364,79.9972089036 249.997209524 170.005581562
1.0,73,0.003523304249764831,190.68574517747984,0.013211694006656671,79.9933938382 249.993394457 170.013211694
1.0,74,0.004631670334246805,190.67706079976293,0.01736806968392557,79.9913156503 249.991316269 170.01736807
1.0,75,0.004783363456515606,190.66809199818368,0.017936922239073283,79.9910312221 249.991031845 170.017936922
1.0,76,0.004112547660925416,190.6603809784828,0.015421366155237592,79.9922889971 249.992289626 170.015421366
1.0,77,0.002868110917306568,190.65500328017725,0.010754730828779202,79.9946223118 249.994622947 170.010754731
1.0,78,0.001353063099413829,190.6524662981715,0.005073302988193973,79.997463024 249.997463662 170.005073303
1.0,79,0.00013498597939568904,190.65271940852023,0.0005068806427459549,80.0002531158 250.000253754 169.999493119
1.0,80,0.0013525281451747004,190.65525540961966,0.005072664296676521,80.002536009 250.002536644 169.994927336
1.0,81,0.0021417245456202888,190.65927115250935,0.008032152026885342,80.0040157549 250.004016386 169.991967848
1.0,82,0.0024424338220762187,190.66385072369744,0.009159813417966234,80.0045795878 250.004580215 169.990840187
1.0,83,0.0022859526761780874,190.6681368913757,0.008573010774398426,80.0042861884 250.004286812 169.991426989
1.0,84,0.0017745600153094504,190.67146419687182,0.006655289718082713,80.0033273291 250.00332795 169.99334471
1.0,85,0.0010526400623468311,190.67343790197498,0.003948090888400202,80.0019737303 250.00197435 169.996051909
1.0,86,0.00027560075374487444,190.67395465831586,0.0010341939519662446,80.0005167818 250.000517401 169.998965806
1.0,87,0.00041786485804588364,190.67317116691825,0.0015663021376042252,79.9992165333 249.999217154 170.001566302
1.0,88,0.0009261082700662529,190.67143471964664,0.0034722154020983,79.9982635758 249.998264198 170.003472215
1.0,89,0.0011952928145685998,190.66919355200244,0.004481658189149584,79.9977588534 249.997759477 170.004481658
1.0,90,0.0012203977556500452,190.66690531324912,0.004575802568183462,79.9977117803 249.997712406 170.004575803
1.0,91,0.0010379190528908566,190.66495922262,0.003891508227752638,79.9980539267 249.998054554 170.003891508
1.0,92,0.0007128672262142447,190.66362260454633,0.0026725644933662807,79.9986633981 249.998664027 170.002672564
1.0,93,0.00032317982977758675,190.6630166505075,0.0012112371206285388,79.9993940616 249.99939469 170.001211237
1.0,94,5.542264514859754e-05,190.66312057606697,0.00020852206691301944,80.0001039413 250.00010457 169.999791478
1.0,95,0.00036168733018371313,190.6637987477007,0.0013570147825419099,80.000678188 250.000678816 169.998642985
1.0,96,0.0005566265018993969,190.6648424299669,0.002088036998912912,80.0010436996 250.001044327 169.997911963
1.0,97,0.0006263046571098761,190.66601675842625,0.0023493304958321914,80.0011743469 250.001174973 169.99765067
1.0,98,0.0005799857064958916,190.66710423853627,0.002175634854211239,80.0010874995 250.001088125 169.997824365
1.0,99,0.0004447224049578659,190.66793809971753,0.0016683978332139304,80.0008338813 250.000834506 169.998331602
1.0,100,0.00025788274228628124,190.66842163639794,0.0009677493451363262,80.0004835572 250.000484181 169.999032251
10.0,1,32.839506172839506,666.6666666666669,58.333333333333314,57.2222222222 308.333333333 134.444444444
10.0,2,24.61646090675244,187.70370334500058,45.162963025159456,68.8462961575 295.162963025 135.99074081
10.0,3,5.376405976744053,180.91357998979902,39.58765434125502,74.283950504 289.587654341 136.128395154
10.0,4,2.022496606641542,203.6666669959959,36.28765433091888,78.5839504972 286.287654331 135.128395146
10.0,5,0.8545038502126501,208.4732511372107,35.390946421319825,81.9226336553 283.46831276 134.609053579
10.0,6,1.558908581522205,217.24211171250943,35.033401889171614,83.5075446462 281.525857233 134.966598111
10.0,7,1.1421408608554549,223.66665436425933,34.03340314980824,83.8075471721 280.225855968 135.96659685
10.0,8,2.255500064052285e-06,223.66666709149627,33.03340314489799,84.1075471652 278.92585597 136.966596855
10.0,9,3.680377681626447e-09,223.66666715238694,32.03340313961138,84.4075471572 277.625855973 137.96659686
10.0,10,3.6450226540788813e-09,223.66666721044055,31.033403134050815,84.7075471484 276.325855977 138.966596866
10.0,11,3.56386604178422e-09,223.6666672659902,30.03340312830761,85.007547139 275.02585598 139.966596872
10.0,12,6.339803933188806e-07,223.66666367666824,29.033403473653095,85.3075478427 273.72585562 140.966596526
10.0,13,2.1076399213547524e-07,223.66666491983437,28.033403701536713,85.6075483102 272.425855381 141.966596298
10.0,14,1.3920427951082578e-07,223.66666575470447,27.03340385258403,85.9075486214 271.125855222 142.966596147
10.0,15,9.145669505667482e-08,223.6666663053353,26.033403952226337,86.2075488306 269.825855115 143.966596048
10.0,16,6.009792722731315e-08,223.66666667014272,25.033404019624868,86.5075489717 268.525855042 144.96659598
10.0,17,3.994470571595028e-08,223.66666691703017,24.033404066208874,86.8075490692 267.225854992 145.966595934
10.0,18,2.6862450239504042e-08,223.6666670772621,23.03340409912869,87.1075491383 265.925854957 146.966595901
10.0,19,1.7647339392270723e-08,223.66666719465968,22.033404122306877,87.4075491871 264.625854931 147.966595878
10.0,20,1.2125901270741856e-08,223.6666672782252,21.03340413869671,87.7075492217 263.325854914 148.966595861
10.0,21,8.54181476168176e-09,223.6666673389891,20.033404150212135,88.0075492463 262.025854901 149.96659585
10.0,22,5.037705363974965e-09,223.66666739593143,19.033404156796053,88.307549261 260.725854894 150.966595843
10.0,23,5.032938411709943e-09,223.66666741168103,18.033404162175316,88.6075492704 259.425854889 151.966595838
10.0,24,4.209796758105869e-09,223.6666674893894,17.033404165245457,88.907549275 258.125854885 152.966595835
10.0,25,4.7310556460110496e-09,223.66666756809877,16.03340416730839,89.2075492749 256.825854882 153.966595833
10.0,26,2.8165235082471756e-09,223.66666760148178,15.033404165155275,89.5075492741 255.525854885 154.966595835
10.0,27,3.0003960205249314e-08,223.66666698738982,14.033404180135676,89.8075492521 254.225854921 155.96659582
10.0,28,8.303402157455114e-07,223.66664841196354,13.033404661699734,90.10754876 252.92585589 156.966595338
10.0,29,8.227205986107341e-07,223.66666692041292,12.033404675250097,90.407548736 251.625855939 157.966595325
10.0,30,7.390219896781977e-07,223.66665029026365,11.033405107245358,90.7075482894 250.325856817 158.966594893
10.0,31,0.2886362553720403,217.17233454482198,10.84518994492015,90.8451899449 249.350573486 159.804236568
10.0,32,0.48139551455365076,206.3409354652623,10.712046622884415,90.7120466229 248.916860109 160.371093267
10.0,33,0.44943845259005855,196.22857034942342,10.326094172920946,90.3260941729 248.988764986 160.685140834
10.0,34,0.2783201633872415,189.96636672495015,9.78358664024843,89.7835866402 249.373780044 160.84263331
10.0,35,0.07146820864893123,188.35833207718196,9.2008782460385,89.200878246 249.839196832 160.959924916
10.0,36,0.09025575395577018,190.38908659353837,8.872014617395166,88.6689387187 250.203075892 161.127985383
10.0,37,0.16798635746249918,194.16877970031692,8.609461826482857,88.2314915239 250.377970295 161.390538174
10.0,38,0.16381109382871747,197.85452938710847,8.254765296615972,87.8861880758 250.368577212 161.745234703
10.0,39,0.10642374928931354,200.24906383043373,7.840205408707561,87.6007479927 250.239457406 162.159794591
10.0,40,0.03269262107994564,200.9846478007819,7.407255919850286,87.3336975172 250.073558402 162.59274408
10.0,41,0.027360181917114486,200.36904370353255,7.051256943208543,87.0512569432 249.938439594 163.010303461
10.0,42,0.058276259117292284,199.0578279692636,6.736035982017029,86.736035982 249.868881566 163.395082441
10.0,43,0.05946039374890214,197.7199692045258,6.38736857179893,86.3873685718 249.866216471 163.746414947
10.0,44,0.04042980775510488,196.8102986235442,6.015959426748921,86.0159594267 249.909034886 164.075005676
10.0,45,0.014266250006474794,196.48930809275157,5.636525570143206,85.6365255701 249.967902796 164.395571623
10.0,46,0.007931459604043943,196.66776603104807,5.27940101341747,85.2615532495 250.017847752 164.720598987
10.0,47,0.020086043993654497,197.11970212221502,4.943075297119435,84.8978794739 250.045195811 165.056924703
10.0,48,0.02149369046507685,197.60331026332437,4.59465945523948,84.546296129 250.048363313 165.405340545
10.0,49,0.015267499535039204,197.94682911267387,4.237655763777383,84.2033011133 250.034354636 165.762344236
10.0,50,0.006027764682065772,198.08245394254897,3.8772611299486925,83.863695745 250.013565372 166.12273887
10.0,51,0.0021412794645417283,198.0342752832084,3.5228859086104904,83.5228859086 249.995185044 166.481929034
10.0,52,0.006873530297056618,197.87962098362925,3.1782097144276946,83.1782097144 249.984537434 166.837252838
10.0,53,0.007737187709519983,197.70553439766786,2.8291813563665755,82.8291813564 249.982594155 167.188224474
10.0,54,0.005733908897130707,197.57652159084387,2.476927681665515,82.4769276817 249.987101518 167.535970785
10.0,55,0.002487104200573261,197.52056189617122,2.1232750297755274,82.1232750298 249.994406859 167.882318096
10.0,56,0.0005064408694421571,197.53195697274293,1.7710497412590485,81.7699073175 250.001142408 168.228950259
10.0,57,0.0023332517801624895,197.58445530244927,1.4231052296960343,81.4178523813 250.005252831 168.57689477
10.0,58,0.0027730725442628077,197.64684960712344,1.0736013671036915,81.067358811 250.006242538 168.926398633
10.0,59,0.002142308112475967,197.69505172196972,0.7228918162991533,80.7180683754 250.004823422 169.277108184
10.0,60,0.001007516285410601,197.7177210290867,0.37161584496732303,80.3693455959 250.00227023 169.628384155
10.0,61,9.187667606151233e-05,197.71565400334538,0.020606717288657705,80.0206067173 249.999796675 169.979596587
10.0,62,0.09742369462432837,197.1509152438867,0.27567358952342147,79.7808002826 249.943526128 170.27567359
10.0,63,0.1443573356332561,195.63423321852952,0.47645613222536554,79.6752089532 249.848334892 170.476456132
10.0,64,0.15049834606665513,193.2712028338844,0.5643649233660994,79.6719358589 249.763699198 170.564364923
10.0,65,0.14495010512917694,190.5793873203254,0.5435611357553398,79.7256189385 249.730819908 170.543561136
10.0,66,0.11616854540925362,188.19782146409722,0.43563093898754346,79.8025246497 249.761844396 170.435630939
10.0,67,0.07282257022618113,186.61599290446304,0.2730838143124288,79.8850982787 249.841817893 170.273083814
10.0,68,0.025567800932152964,186.04071750902392,0.09211378507217205,79.9654130726 249.942473129 170.092113785
10.0,69,0.019745661841819622,186.404448396016,0.074046997935028,80.0376732075 250.036373778 169.925953002
10.0,70,0.05337930671032925,187.4561614142837,0.20017330102569986,80.0950011955 250.105172093 169.799826699
10.0,71,0.07251076339740968,188.86983936793484,0.2719165316786416,80.1305477523 250.141368766 169.728083468
10.0,72,0.07636847089013561,190.33042405963158,0.28638340927895456,80.1403237092 250.146059686 169.713616591
10.0,73,0.06685504610041607,191.58558256000504,0.25070900231651194,80.1251916524 250.125517334 169.749290998
10.0,74,0.04778465483876618,192.46883387254286,0.17919610418178422,80.090869243 250.088326845 169.820803896
10.0,75,0.023928618987205316,192.90397109400004,0.08973674174404778,80.0462211522 250.043515573 169.910263258
10.0,76,0.0005032844246039127,192.89793818837921,0.0008332957606711489,80.0008332958 249.999398578 169.999768109
10.0,77,0.019839287216872965,192.52554261623686,0.07439349404705808,79.9628442674 249.962762221 170.074393494
10.0,78,0.03311597671127705,191.9077940450029,0.1241818968299242,79.9375913187 249.938226768 170.124181897
10.0,79,0.03866058478135573,191.18628900030245,0.14497486107092072,79.9271741708 249.927850952 170.144974861
10.0,80,0.03683770988847199,190.49737536530984,0.13813954290728248,79.9307504963 249.931109945 170.138139543
10.0,81,0.029179070518436687,189.9503710818587,0.10941992184052651,79.9452792922 249.945300771 170.109419922
10.0,82,0.01793372490536961,189.6133205111738,0.06725000706342144,79.9664539024 249.966296076 170.067250007
10.0,83,0.005573669277513065,189.50796940332253,0.020899840288279847,79.989634148 249.989465997 170.02089984
10.0,84,0.005655306090799981,189.61355824214792,0.02120884696120129,80.0106488291 250.010560003 169.978791153
10.0,85,0.014070221065952952,189.87734919374304,0.05276486845053796,80.0263845984 250.026380255 169.947235132
10.0,86,0.018737598225199135,190.22887765943608,0.07026769130229127,80.0351136085 250.035154068 169.929732309
10.0,87,0.01950413751462084,190.59479168485467,0.07314241103716768,80.0365497018 250.036592694 169.926857589
10.0,88,0.016892229480119012,190.91163326665026,0.06334795866717968,80.031662427 250.031685516 169.936652041
10.0,89,0.011900276393510644,191.1347700358698,0.04462829899398457,80.0223131971 250.022315086 169.955371701
10.0,90,0.005756953009231501,191.24266332878364,0.021590924545535017,80.0108001419 250.010790767 169.978409075
10.0,91,0.0003219554062402115,191.23657374941672,0.001204983371792423,79.9994025183 249.999392483 170.001204983
10.0,92,0.00533403669849027,191.13653240824334,0.020000363788767572,79.9900023327 249.989997288 170.020000364
10.0,93,0.008621755760576852,190.97487281102673,0.03232942740439171,79.9838351278 249.983835429 170.032329427
10.0,94,0.009924560561943154,190.78879975897848,0.03721507061055718,79.9813908687 249.981394045 170.037215071
10.0,95,0.009356141368895819,190.61338548514527,0.0350836077943768,79.9824564902 249.982459886 170.035083608
10.0,96,0.007323108241277194,190.47608443733537,0.02745981379467821,79.9862689905 249.98627118 170.027459814
10.0,97,0.004408403351402196,190.39342749748698,0.016529717273726874,79.9917346943 249.991735573 170.016529717
10.0,98,0.0012447559670079045,190.3700854036751,0.004666053766868572,79.9976668798 249.997667051 170.004666054
10.0,99,0.0015990698183195996,190.40006480022072,0.005998307387784507,80.0029990879 250.002999204 169.994001693
10.0,100,0.003702408041809867,190.46948331256317,0.01388586252147661,80.0069427192 250.006943128 169.986114137
100.0,1,32.839506172839506,6666.666666666669,58.333333333333314,57.2222222222 308.333333333 134.444444444
100.0,2,31.92641975399376,228.55555575501694,56.60777777580847,58.7099999974 306.607777776 134.68222222
100.0,3,1.2938875847289132e-08,228.55555454845285,54.88222220377213,60.1977777543 304.882222204 134.91999998
100.0,4,1.9314848979471813e-09,228.55555466616988,53.156666670203435,61.6855555491 303.15666667 135.157777779
100.0,5,1.6095360106444584e-08,228.55555191034978,51.431111106756475,63.1733333064 301.431111107 135.395555548
100.0,6,0.08724278235345019,218.74073168600898,49.80370373045923,64.6120369451 299.80370373 135.584259283
100.0,7,0.5403566483867527,206.71604139600413,48.78419754035116,65.7467900307 298.78419754 135.46901238
100.0,8,0.3836441642517154,244.5040583818527,48.25001054590575,66.5851640213 298.250010546 135.164825387
100.0,9,0.22425818073143627,219.27501155853997,47.84196876985311,67.1712475643 297.84196877 134.986783619
100.0,10,0.13874092494728213,203.6666564543284,47.51196876397967,67.6012475692 297.511968764 134.886783618
100.0,11,2.1571329019328307e-08,203.66665461670573,47.18196876099171,68.0312475707 297.181968761 134.786783619
100.0,12,6.75524031774128e-10,203.66665475472155,46.85196877580165,68.4612475876 296.851968776 134.686783636
100.0,13,5.739179995442909e-10,203.66665481791438,46.52196877506333,68.8912475879 296.521968775 134.586783637
100.0,14,1.2100069094837332e-10,203.66665483474003,46.19196877443471,69.3212475882 296.191968774 134.486783637
100.0,15,1.0858356189500126e-10,203.66665484792202,45.86196877395412,69.7512475884 295.861968774 134.386783637
100.0,16,3.04557595932743e-08,203.66665951685854,45.53196875037611,70.1812475668 295.53196875 134.286783614
100.0,17,2.670188337106083e-08,203.66666345025828,45.20196875296807,70.6112475698 295.201968753 134.186783617
100.0,18,3.362364648435485e-08,203.66666852567073,44.87196874729079,71.0412475649 294.871968747 134.086783612
100.0,19,3.2079439746565995e-08,203.6666733639779,44.54196874796747,71.4712475665 294.541968748 133.986783613
100.0,20,2.978842259279999e-08,203.66667782619197,44.21196874929922,71.9012475684 294.211968749 133.886783615
100.0,21,1.135830195330022e-08,203.66667945393738,43.88196876318625,72.3312475821 293.881968763 133.786783629
100.0,22,1.0531320210955325e-08,203.6666810374643,43.55196876391551,72.7612475825 293.551968764 133.686783629
100.0,23,9.823392272462822e-09,203.6666825152738,43.22196876459947,73.1912475827 293.221968765 133.58678363
100.0,24,9.21755037729276e-09,203.66668390285577,42.891968765254944,73.6212475827 292.891968765 133.48678363
100.0,25,8.697944685486114e-09,203.66668521380143,42.56196876590701,74.0512475825 292.561968766 133.386783631
100.0,26,8.251291205851885e-09,203.66668645976938,42.23196876658636,74.481247582 292.231968767 133.286783632
100.0,27,8.027767093052615e-09,203.6666876742404,41.90196876721723,74.911247581 291.901968767 133.186783632
100.0,28,7.934463357944171e-09,203.66668887852506,41.57196876791693,75.3412475796 291.571968768 133.086783633
100.0,29,7.847811881826297e-09,203.6666900768014,41.241968768853496,75.7712475777 291.241968769 132.986783634
100.0,30,7.767891613891859e-09,203.6666912742421,40.91196877014005,76.2012475749 290.91196877 132.886783636
100.0,31,7.695342042603038e-09,203.6666924801184,40.58196877197145,76.6312475711 290.581968772 132.786783638
100.0,32,7.62876260927846e-09,203.66669371404123,40.251968774726265,77.0612475653 290.251968775 132.686783641
100.0,33,8.07676138315906e-09,203.66669502923878,39.92196877930678,77.4912475559 289.921968779 132.586783645
100.0,34,1.006911216134338e-08,203.66669656801855,39.59196878801191,77.9212475382 289.591968788 132.486783654
100.0,35,2.683599752294362e-08,203.66669913583473,39.26196881110167,78.3512474916 289.261968811 132.386783678
100.0,36,9.561576853735056e-08,203.66670556553026,38.931968887271125,78.7812473386 288.931968887 132.286783755
100.0,37,1.3384724992546478e-07,203.66669918677212,38.60196888853238,79.2112473382 288.601968889 132.186783755
100.0,38,1.929252530569809e-08,203.66670137292454,38.27196889935567,79.641247317 288.271968899 132.086783766
100.0,39,0.021110369893926242,204.85416078372532,38.00134164154136,80.0474981313 287.953843492 131.998658358
100.0,40,0.13444413754665796,212.41664462282324,38.01384222230183,80.3024992922 287.711342912 131.986157778
100.0,41,0.165185103219285,221.70830778453046,37.933426183229756,80.3716672136 287.561758952 132.066573817
100.0,42,0.034815927044312564,223.66670478679703,37.8334261859452,80.4016672185 287.43175895 132.166573814
100.0,43,8.168991409244578e-09,223.66670614999884,37.733426186851716,80.4316672198 287.301758949 132.266573813
100.0,44,7.892454492422177e-09,223.66670734915624,37.63342618760822,80.4616672208 287.171758949 132.366573812
100.0,45,7.903167897893582e-09,223.6667085455681,37.53342618825681,80.4916672215 287.041758949 132.466573812
100.0,46,6.007704958695589e-07,223.6666756371735,37.433426528713085,80.5216678963 286.911758608 132.566573471
100.0,47,1.1333234952972917e-07,223.66668297758588,37.333426803242844,80.5516684464 286.781758333 132.666573197
100.0,48,8.936802784218243e-08,223.6666889848268,37.23342702786263,80.5816688966 286.651758108 132.766572972
100.0,49,7.147697229154599e-08,223.66669399907005,37.133427212670085,80.611669267 286.521757922 132.866572787
100.0,50,5.773735583463551e-08,223.66669825253803,37.033427365424046,80.6416695732 286.391757769 132.966572635
100.0,51,4.7071855154475393e-08,223.66670199174928,36.93342749261964,80.6716698269 286.261757642 133.066572507
100.0,52,4.2045245310065283e-08,223.66670543936516,36.83342759638819,80.7016700343 286.131757538 133.166572404
100.0,53,3.4332837609933144e-08,223.66670846018928,36.73342768113676,80.7316702042 286.001757453 133.266572319
100.0,54,2.7899288410379896e-08,223.66671112382642,36.633427750698075,80.7616703437 285.871757384 133.366572249
100.0,55,2.2746970924142968e-08,223.6667135016662,36.53342780798559,80.7916704585 285.741757327 133.466572192
100.0,56,1.860645208277371e-08,223.66671564995522,36.43342785534185,80.8216705535 285.611757279 133.566572145
100.0,57,1.5292967090216635e-08,223.66671761468547,36.33342789464132,80.8516706322 285.48175724 133.666572105
100.0,58,1.2961837430541184e-08,223.66671943200936,36.23342792739146,80.8816706978 285.351757207 133.766572073
100.0,59,1.15802044496781e-08,223.666721135618,36.13342795475816,80.9116707526 285.22175718 133.866572045
100.0,60,1.0701291507252286e-08,223.66672274289408,36.03342797773075,80.9416707986 285.091757157 133.966572022
100.0,61,9.98593760767916e-09,223.66672427186836,35.93342799711388,80.9716708374 284.961757138 134.066572003
100.0,62,9.412303825229174e-09,223.66672573817277,35.8334280135515,81.0016708702 284.831757122 134.166571986
100.0,63,9.024124854780288e-09,223.66672716270295,35.73342802747737,81.031670898 284.701757108 134.266571973
100.0,64,8.607609440029288e-09,223.66672854202557,35.63342803936149,81.0616709217 284.571757096 134.366571961
100.0,65,8.28219349892202e-09,223.66672988617916,35.53342804957015,81.0916709421 284.441757086 134.46657195
100.0,66,8.020731140984733e-09,223.6667312021782,35.43342805839663,81.1216709596 284.311757077 134.566571942
100.0,67,7.85019456846688e-09,223.66673249530345,35.33342806607976,81.1516709749 284.18175707 134.666571934
100.0,68,7.857023673649463e-09,223.66673377014786,35.233428072811705,81.1816709882 284.051757063 134.766571927
100.0,69,7.863113814386857e-09,223.6667350302073,35.13342807874858,81.2116709999 283.921757058 134.866571921
100.0,70,7.868644994838784e-09,223.66673627831824,35.03342808401732,81.2416710103 283.791757053 134.966571916
100.0,71,7.873789324245687e-09,223.66673751678286,34.933428088721485,81.2716710196 283.661757048 135.066571911
100.0,72,7.878715753880291e-09,223.66673874745993,34.833428092945866,81.3016710278 283.531757044 135.166571907
100.0,73,7.856295762091273e-09,223.66673995186966,34.73342809693767,81.3316710355 283.40175704 135.266571903
100.0,74,7.861645359399619e-09,223.66674116892136,34.63342810051836,81.3616710425 283.271757037 135.366571899
100.0,75,7.867228646318836e-09,223.66674238187466,34.5334281037793,81.3916710489 283.141757034 135.466571896
100.0,76,7.872674561642473e-09,223.66674359145713,34.43342810676137,81.4216710547 283.011757031 135.566571893
100.0,77,7.878295744174263e-09,223.66674479845324,34.33342810949895,81.45167106 282.881757028 135.666571891
100.0,78,7.884164827171642e-09,223.66674600345982,34.23342811202065,81.4816710648 282.751757026 135.766571888
100.0,79,7.890322864214896e-09,223.6667472069771,34.133428114350494,81.5116710693 282.621757024 135.866571886
100.0,80,7.896623009805303e-09,223.66674840944847,34.03342811650782,81.5416710734 282.491757022 135.966571883
100.0,81,7.903622645244468e-09,223.6667496112093,33.933428118510335,81.5716710772 282.36175702 136.066571881
100.0,82,7.911021763599516e-09,223.666750812612,33.83342812037327,81.6016710808 282.231757019 136.16657188
100.0,83,7.918844049628307e-09,223.66675201393514,33.7334281221093,81.631671084 282.101757017 136.266571878
100.0,84,7.92709424028241e-09,223.66675321540038,33.6334281237294,81.6616710871 281.971757016 136.366571876
100.0,85,7.936539721716448e-09,223.66675441685425,33.53342812524747,81.6916710899 281.841757014 136.466571875
100.0,86,7.948707371320374e-09,223.66675561793863,33.43342812668527,81.7216710926 281.711757013 136.566571873
100.0,87,7.961197133631181e-09,223.66675682035884,33.333428128051594,81.7516710951 281.581757012 136.666571872
100.0,88,7.974089536825582e-09,223.66675802423424,33.23342812935138,81.7816710975 281.451757011 136.766571871
100.0,89,7.987335632404008e-09,223.66675922965578,33.13342813058895,81.8116710997 281.32175701 136.866571869
100.0,90,8.000925946463314e-09,223.66676043672578,33.033428131768176,81.8416711019 281.191757009 136.966571868
100.0,91,8.014918901406215e-09,223.6667616455352,32.933428132892715,81.8716711039 281.061757008 137.066571867
100.0,92,8.014282570911746e-09,223.66676284838172,32.83342813403286,81.9016711059 280.931757007 137.166571866
100.0,93,8.02893396212312e-09,223.66676405736166,32.73342813511533,81.9316711078 280.801757006 137.266571865
100.0,94,8.043939045718515e-09,223.66676526842207,32.63342813616424,81.9616711097 280.671757005 137.366571864
100.0,95,8.059297821697934e-09,223.6667664816198,32.533428137181204,81.9916711115 280.541757005 137.466571863
100.0,96,8.075040290754664e-09,223.6667676970344,32.43342813816767,82.0216711132 280.411757004 137.566571862
100.0,97,8.090451173201371e-09,223.66676891484212,32.3334281391235,82.0516711149 280.281757003 137.666571861
100.0,98,8.115765442400718e-09,223.66677013625372,32.23342814003655,82.0816711165 280.151757003 137.76657186
100.0,99,8.131782654648608e-09,223.66677136001294,32.13342814093505,82.111671118 280.021757002 137.866571859
100.0,100,8.148196191844667e-09,223.66677258611412,32.03342814180573,82.1416711195 279.891757001 137.966571858
1000.0,1,32.839506172839506,66666.66666666669,58.333333333333314,57.2222222222 308.333333333 134.444444444
1000.0,2,32.748197530269735,228.5555413570546,58.160777765783166,57.370999988 308.160777766 134.46822221
1000.0,3,1.0576396252620018e-08,228.55554934605607,57.98822221384364,57.5197777694 307.988222214 134.491999992
1000.0,4,9.84560620685847e-09,228.55555679294184,57.81566665883747,57.6685555477 307.815666659 134.51577777
1000.0,5,9.130898111682958e-09,228.55556369930355,57.643111103823344,57.817333326 307.643111104 134.539555548
1000.0,6,8.429391900537869e-09,228.55557007423613,57.470555548800235,57.9661111043 307.470555549 134.563333327
1000.0,7,7.772794358768604e-09,228.55557588073452,57.297999993814074,58.1148888826 307.297999994 134.587111105
1000.0,8,1.5218223047163014e-07,228.55569797926137,57.125444321967734,58.263666544 307.125444322 134.610888766
1000.0,9,1.5016627704274774e-07,228.5558179888494,56.95288876866266,58.4124443239 306.952888769 134.634666546
1000.0,10,1.4427382508428207e-07,228.55593291458945,56.78033321822011,58.5612221068 306.780333218 134.658444329
1000.0,11,8.647552678869235e-08,228.55600379520638,56.60777770668955,58.7099999286 306.607777707 134.682222151
1000.0,12,7.828669860524921e-08,228.55606786211638,56.43522215794485,58.8587777131 306.435222158 134.705999936
1000.0,13,6.951575591705881e-08,228.5561246950192,56.262666609629775,59.0075554981 306.26266661 134.729777721
1000.0,14,1.5263709071986239e-07,228.5562432073516,56.09011099239842,59.1563332142 306.090110992 134.753555437
1000.0,15,1.3201255200101514e-07,228.5563457474791,55.91755545283377,59.3051110078 305.917555453 134.77733323
1000.0,16,1.4683958306073288e-07,228.55645960177753,55.74499988610512,59.4538887743 305.744999886 134.801110997
1000.0,17,1.5081393043045762e-07,228.55658872143295,55.57244431539027,59.6026665368 305.572444315 134.824888759
1000.0,18,1.5116750123272342e-07,228.55671729942742,55.399888760438444,59.7514443151 305.39988876 134.848666538
1000.0,19,1.2692554365558964e-08,228.55672679801955,55.22733332381915,59.9002222118 305.227333324 134.872444434
1000.0,20,1.0080953434984015e-07,228.55681591082202,55.05477768876892,60.04899991 305.054777689 134.896222133
1000.0,21,8.886964448290908e-08,228.55689529134906,54.88222214297929,60.1977776975 304.882222143 134.91999992
1000.0,22,7.639083479362954e-08,228.5569645248711,54.70966659755368,60.3465554854 304.709666598 134.943777708
1000.0,23,6.219356802401106e-08,228.55702235230638,54.53711105341097,60.4953332745 304.537111053 134.967555497
1000.0,24,4.763211336467066e-08,228.55706851984905,54.36455550952542,60.6441110639 304.36455551 134.991333287
1000.0,25,3.363776891597404e-08,228.5571034708778,54.19199996519802,60.7928888529 304.191999965 135.015111076
1000.0,26,5.970373785481166e-08,228.55715725435857,54.01944439096337,60.9416666118 304.019444391 135.038888835
1000.0,27,8.862951972332667e-08,228.557232736905,53.846888813920145,61.090444368 303.846888814 135.062666591
1000.0,28,7.93983900848616e-09,228.55723870671454,53.674333327811155,61.2392222152 303.674333328 135.086444438
1000.0,29,7.921880435585788e-09,228.55724472745578,53.50177777221319,61.3879999929 303.501777772 135.110222216
1000.0,30,7.901363119344751e-09,228.5572508085079,53.32922221661863,61.5367777706 303.329222217 135.133999994
1000.0,31,2.871038399613705e-08,228.55727255560623,53.156666645419705,61.6855555327 303.156666645 135.157777756
1000.0,32,1.1613272003311674e-07,228.55709835246898,52.98411099417473,61.8343332147 302.984110994 135.181555438
1000.0,33,1.1820227285852525e-07,228.5569210484664,52.81155543923563,61.983110993 302.811555439 135.205333216
1000.0,34,2.275661377855916e-08,228.55693851781325,52.6389999831282,62.1318888702 302.638999983 135.229111093
1000.0,35,9.522273734950836e-09,228.5569459390058,52.466444437642906,62.280666658 302.466444438 135.252888881
1000.0,36,8.527107316543455e-09,228.55695264829137,52.29388888280823,62.4294444364 302.293888883 135.27666666
1000.0,37,8.072651288178653e-09,228.55695904976983,52.12133332757924,62.5782222145 302.121333328 135.300444438
1000.0,38,7.641326583830555e-09,228.55696515128557,51.94877777234586,62.7269999925 301.948777772 135.324222216
1000.0,39,7.236410384494876e-09,228.55697096591257,51.77622221710294,62.8757777705 301.776222217 135.347999994
1000.0,40,3.587055788203644e-09,228.55697405063438,51.603666664306616,63.024555551 301.603666664 135.371777775
1000.0,41,3.470932578390299e-09,228.5569770408256,51.431111108878326,63.1733333288 301.431111109 135.395555552
1000.0,42,1.2683190833387118e-07,228.55678678328786,51.25855545683328,63.32211101 301.258555457 135.419333234
1000.0,43,1.2338250993732598e-07,228.55660168667782,51.08599990366554,63.47088879 301.085999904 135.443111014
1000.0,44,1.201825815163223e-07,228.55642140720647,50.91344435084687,63.6196665704 300.913444351 135.466888794
1000.0,45,1.1389648177681819e-07,228.5562505465191,50.740888793369436,63.768444346 300.740888793 135.49066657
1000.0,46,1.1084843344456709e-07,228.5560842433665,50.568333240720335,63.9172221265 300.568333241 135.514444351
1000.0,47,1.0783862573286267e-07,228.55592245153503,50.39577768801712,64.0659999068 300.395777688 135.538222131
1000.0,48,1.0510383358703419e-07,228.5557648703798,50.22322213495306,64.2147776868 300.223222135 135.561999911
1000.0,49,1.0223226038558803e-07,228.55559242836534,50.05066660114477,64.3635554575 300.050666601 135.585777682
1000.0,50,0.036115245166589226,187.92578786454442,49.918740722758116,64.4920183844 299.918740723 135.58924061
1000.0,51,0.06316586555888648,247.80048726358882,49.857876484504004,64.5849505229 299.857876485 135.557172748
1000.0,52,0.0034347185587411864,251.66450066046718,49.80087631235307,64.6759506097 299.800876312 135.523172835
1000.0,53,1.2906509994081716e-07,251.66456102601796,49.743876265646236,64.7669506352 299.743876266 135.489172861
1000.0,54,9.39991922324326e-08,251.66452379835346,49.68687624497062,64.8579506475 299.686876245 135.455172874
1000.0,55,9.253548051270224e-08,251.66447202946028,49.6298762350587,64.9489506545 299.629876235 135.421172881
1000.0,56,9.109144293183311e-08,251.66441506024694,49.57287622998501,65.039950659 299.57287623 135.387172886
1000.0,57,8.966993113467146e-08,251.66435632308958,49.51587622728857,65.1309506623 299.515876227 135.35317289
1000.0,58,8.827253831592922e-08,251.6642971528422,49.45887622587588,65.2219506649 299.458876226 135.319172893
1000.0,59,8.690017870725973e-08,251.66423809031312,49.40187622522734,65.3129506671 299.401876225 135.285172896
1000.0,60,8.555208176454067e-08,251.66417936162543,49.344876225076064,65.403950669 299.344876225 135.251172898
1000.0,61,8.42287432887032e-08,251.6641210513053,49.28787622527187,65.4949506707 299.287876225 135.217172901
1000.0,62,8.293088329638623e-08,251.66406319880207,49.23087622573496,65.5859506723 299.230876226 135.183172903
1000.0,63,8.162210463069641e-08,251.66400585351266,49.173876226338564,65.6769506736 299.173876226 135.149172905
1000.0,64,8.02224728128446e-08,251.66394935200697,49.116876226925626,65.7679506746 299.116876227 135.115172907
1000.0,65,7.884893844018532e-08,251.66389368285945,49.05987622765355,65.8589506754 299.059876228 135.081172909
1000.0,66,7.750207468385877e-08,251.6638388193537,49.00287622851249,65.9499506761 299.002876229 135.04717291
1000.0,67,7.615958787078449e-08,251.6637847697889,48.94587622948035,66.0409506766 298.945876229 135.013172912
1000.0,68,7.482963661055288e-08,251.66373144440922,48.88887623063795,66.1319506767 298.888876231 134.979172914
1000.0,69,7.384007637433064e-08,251.66367838937686,48.831876232486024,66.222950677 298.831876232 134.945172917
1000.0,70,7.259058381552879e-08,251.66362496520333,48.7748762345376,66.3139506757 298.774876235 134.911172919
1000.0,71,7.132283188740176e-08,251.66356644154985,48.717876240136206,66.4049506671 298.71787624 134.877172925
1000.0,72,7.030955531364371e-08,251.66349024459532,48.66087625860598,66.4959506338 298.660876259 134.843172944
1000.0,73,3.6876151909837063e-07,251.66303769879005,48.60387647784552,66.5869501977 298.603876478 134.809173163
1000.0,74,0.0033431739105430503,247.90192833773926,48.54875722710477,66.6741887051 298.548757227 134.777053913
1000.0,75,0.02807721668067921,216.31502111972577,48.50943140228958,66.7298403544 298.509431402 134.760728088
1000.0,76,0.011245909863036887,203.6633742212639,48.47643137410455,66.7728403266 298.476431374 134.75072806
1000.0,77,7.069471210898983e-08,203.66332102764727,48.44343140024523,66.8158403529 298.4434314 134.740728087
1000.0,78,8.619108705766445e-08,203.6634181960717,48.410431323213004,66.8588402777 298.410431323 134.73072801
1000.0,79,7.35836904494944e-08,203.66336197127976,48.37743139717122,66.9018403518 298.377431397 134.720728084
1000.0,80,7.479479317377506e-08,203.66330593134262,48.34443139607822,66.9448403509 298.344431396 134.710728083
1000.0,81,7.590852312154715e-08,203.66324910531785,48.31143139506821,66.9878403501 298.311431395 134.700728082
1000.0,82,7.696597492667934e-08,203.6631914851905,48.27843139415495,67.0308403493 298.278431394 134.690728082
1000.0,83,7.78523533047822e-08,203.66313333516882,48.24543139324959,67.0738403486 298.245431393 134.680728081
1000.0,84,7.867194540267519e-08,203.6630746075043,48.212431392488156,67.116840348 298.212431392 134.67072808
1000.0,85,7.93885814371404e-08,203.66301539326014,48.179431391799085,67.1598403474 298.179431392 134.66072808
1000.0,86,7.989664001999901e-08,203.66295611120177,48.14643139100531,67.2028403468 298.146431391 134.650728079
1000.0,87,8.046170465705573e-08,203.66289641015055,48.11343139048597,67.2458403464 298.11343139 134.640728079
1000.0,88,8.180262353915977e-08,203.6628357031982,48.080431389391606,67.2888403454 298.080431389 134.630728078
1000.0,89,8.37013137318839e-08,203.6627735628822,48.04743138789172,67.331840344 298.047431388 134.620728076
1000.0,90,8.553457399153154e-08,203.66271002774238,48.01443138645516,67.3748403427 298.014431386 134.610728075
1000.0,91,8.724006603541865e-08,203.66264518941034,47.981431385121766,67.4178403414 297.981431385 134.600728074
1000.0,92,8.804188351203064e-08,203.66257972966605,47.94843138446544,67.4608403409 297.948431384 134.590728073
1000.0,93,8.886212141432124e-08,203.66251363770925,47.91543138379507,67.5038403403 297.915431384 134.580728073
1000.0,94,8.97632980291342e-08,203.66244685004585,47.88243138306956,67.5468403396 297.882431383 134.570728072
1000.0,95,9.065389387311977e-08,203.66237937253072,47.84943138235667,67.589840339 297.849431382 134.560728071
1000.0,96,9.153358683357106e-08,203.6623112117577,47.816431381655946,67.6328403384 297.816431382 134.550728071
1000.0,97,9.240354062159086e-08,203.66224237778806,47.78343138096949,67.6758403378 297.783431381 134.54072807
1000.0,98,9.326232467780453e-08,203.662172878182,47.75043138029514,67.7188403372 297.75043138 134.530728069
1000.0,99,9.41096263634083e-08,203.662102721466,47.71743137963233,67.7618403366 297.71743138 134.520728069
1000.0,100,9.494528304306489e-08,203.66203191645081,47.684431378980776,67.804840336 297.684431379 134.510728068
10000.0,1,32.839506172839506,666666.6666666669,58.333333333333314,57.2222222222 308.333333333 134.444444444
10000.0,2,32.83037529724582,228.55607334175147,58.31607772440702,57.2370999466 308.316077724 134.446822169
10000.0,3,7.854617933844565e-08,228.554895145935,58.29882213593697,57.2519776915 308.298822136 134.449199914
10000.0,4,7.848083151252973e-08,228.55371793407812,58.28156658046112,57.2668554693 308.28156658 134.451577692
10000.0,5,7.841466893094346e-08,228.5525417141389,58.26431102498532,57.2817332472 308.264311025 134.453955469
10000.0,6,7.83488924109103e-08,228.55136648156986,58.24705546950986,57.2966110251 308.24705547 134.456333247
10000.0,7,7.828284351616175e-08,228.5501922397816,58.22979991403395,57.3114888029 308.229799914 134.458711025
10000.0,8,7.82171419978618e-08,228.54901898252137,58.212544358558375,57.3263665808 308.212544359 134.461088803
10000.0,9,7.815132916119991e-08,228.54784671263133,58.195288803082576,57.3412443586 308.195288803 134.463466581
10000.0,10,7.808541605906309e-08,228.54667543124833,58.178033247606436,57.3561221365 308.178033248 134.465844359
10000.0,11,7.801980533233493e-08,228.5455051349618,58.16077769213058,57.3709999144 308.160777692 134.468222137
10000.0,12,7.795412197234934e-08,228.54433582320326,58.14352213665455,57.3858776922 308.143522137 134.470599914
10000.0,13,7.788850019273417e-08,228.5431674954043,58.12626658117847,57.4007554701 308.126266581 134.472977692
10000.0,14,7.782281051681315e-08,228.54200015327024,58.10901102570216,57.4156332479 308.109011026 134.47535547
10000.0,15,7.775728189724558e-08,228.54083379395888,58.09175547022596,57.4305110258 308.09175547 134.477733248
10000.0,16,7.769181091058878e-08,228.53966841747024,58.07449991474971,57.4453888036 308.074499915 134.480111026
10000.0,17,7.762633992393199e-08,228.53850402266744,58.05724435927334,57.4602665815 308.057244359 134.482488804
10000.0,18,7.756069603854283e-08,228.53734061239265,58.03998880379652,57.4751443594 308.039988804 134.484866582
10000.0,19,7.749519899865238e-08,228.53617818437215,58.02273324831981,57.4900221372 308.022733248 134.487244359
10000.0,20,7.742951879663451e-08,228.53501674258496,58.00547769284276,57.5048999151 308.005477693 134.489622137
10000.0,21,7.736411570628358e-08,228.5338562807783,57.98822213736594,57.5197776929 307.988222137 134.491999915
10000.0,22,7.729865024607028e-08,228.53269680122594,57.97096658188889,57.5346554708 307.970966582 134.494377693
10000.0,23,7.72331382058332e-08,228.53153830449628,57.95371102641167,57.5495332486 307.953711026 134.496755471
10000.0,24,7.716776985312714e-08,228.5303807883156,57.93645547093456,57.5644110265 307.936455471 134.499133249
10000.0,25,7.710236360480849e-08,228.52922425325232,57.91919991545717,57.5792888044 307.919199915 134.501511027
10000.0,26,7.703708604367421e-08,228.52806869703272,57.90194435997989,57.5941665822 307.90194436 134.503888804
10000.0,27,7.697195927549829e-08,228.5269141179515,57.88468880450267,57.6090443601 307.884688805 134.506266582
10000.0,28,7.690677013746002e-08,228.5257605171455,57.867433249025225,57.6239221379 307.867433249 134.50864436
10000.0,29,7.684161889503432e-08,228.52460789290944,57.85017769354778,57.6387999158 307.850177694 134.511022138
10000.0,30,7.67872355330231e-08,228.52345608437645,57.8329221380622,57.6536776936 307.832922138 134.513399916
10000.0,31,7.671139930683542e-08,228.52230541328026,57.815666582592485,57.6685554715 307.815666583 134.515777694
10000.0,32,7.664650622827038e-08,228.52115571648028,57.79841102711492,57.6834332493 307.798411027 134.518155472
10000.0,33,7.658153420051248e-08,228.52000699340806,57.78115547163725,57.6983110272 307.781155472 134.520533249
10000.0,34,7.652709241609854e-08,228.51885908717577,57.763899916151445,57.713188805 307.763899916 134.522911027
10000.0,35,7.646224512806536e-08,228.51771215353438,57.74664436067337,57.7280665829 307.746644361 134.525288805
10000.0,36,7.639306116086826e-08,228.51656625842224,57.72938880519007,57.7429443608 307.729388805 134.527666583
10000.0,37,7.632902152307805e-08,228.51542132339546,57.712133249712906,57.7578221386 307.71213325 134.530044361
10000.0,38,7.625455822335425e-08,228.51427750534185,57.694877694243246,57.7726999165 307.694877694 134.532422139
10000.0,39,7.619038042447654e-08,228.51313465021576,57.677622138765855,57.7875776943 307.677622139 134.534799917
10000.0,40,7.603549237147591e-08,228.51199411714333,57.66036658312805,57.802455472 307.660366583 134.537177694
10000.0,41,7.596024352728313e-08,228.51085471411807,57.64311102765811,57.8173332499 307.643111028 134.539555472
10000.0,42,7.589603651720407e-08,228.5097162734519,57.62585547218032,57.8322110277 307.625855472 134.54193325
10000.0,43,7.583175055793214e-08,228.50857879741852,57.60859991670236,57.8470888056 307.608599917 134.544311028
10000.0,44,7.57780508959311e-08,228.5074421268564,57.59134436121644,57.8619665835 307.591344361 134.546688806
10000.0,45,7.570324732518606e-08,228.50630657838337,57.574088805746044,57.8768443613 307.574088806 134.549066584
10000.0,46,7.563923137215372e-08,228.5051719899957,57.55683325026803,57.8917221392 307.55683325 134.551444361
10000.0,47,7.557515068078322e-08,228.50403836283022,57.539577694789784,57.906599917 307.539577695 134.553822139
10000.0,48,7.551099261920373e-08,228.50290569859226,57.52232213931131,57.9214776949 307.522322139 134.556199917
10000.0,49,7.545746743491893e-08,228.50177383698338,57.505066583825055,57.9363554727 307.505066584 134.558577695
10000.0,50,7.538316440205664e-08,228.5006430895055,57.4878110283546,57.9512332506 307.487811028 134.560955473
10000.0,51,7.532981132701227e-08,228.49951314238297,57.47055547286766,57.9661110284 307.470555473 134.563333251
10000.0,52,7.53368101729595e-08,228.49838309066854,57.45329991749702,57.9809888064 307.453299917 134.565711029
10000.0,53,7.527308870041654e-08,228.49725399449198,57.43604436201781,57.9958665843 307.436044362 134.568088807
10000.0,54,7.520910748502905e-08,228.49612585840077,57.41878880653849,58.0107443621 307.418788807 134.570466584
10000.0,55,7.517568513372277e-08,228.49499822310008,57.40153325110521,58.02562214 307.401533251 134.572844362
10000.0,56,7.511197550355872e-08,228.4938715439057,57.38427769562577,58.0404999179 307.384277696 134.57522214
10000.0,57,7.503720745995048e-08,228.49274598566353,57.36702214015435,58.0553776957 307.36702214 134.577599918
10000.0,58,7.498375175095538e-08,228.49162123005044,57.349766584667805,58.0702554736 307.349766585 134.579977696
10000.0,59,7.492053950070638e-08,228.4904974214487,57.33251102918905,58.0851332514 307.332511029 134.582355474
10000.0,60,7.48121027843101e-08,228.4893752408425,57.3152554736655,58.1000110292 307.315255474 134.584733251
10000.0,61,7.476008237164125e-08,228.48825383955955,57.29799991818004,58.1148888071 307.297999918 134.587111029
10000.0,62,7.468713331743655e-08,228.48713353194398,57.28074436271004,58.129766585 307.280744363 134.589488807
10000.0,63,7.463556370465893e-08,228.48601399967265,57.26348880722418,58.1446443628 307.263488807 134.591866585
10000.0,64,7.456262965080087e-08,228.48489555993183,57.24623325175469,58.1595221407 307.246233252 134.594244363
10000.0,65,7.450036558035815e-08,228.4837780546968,57.22897769627684,58.1743999185 307.228977696 134.596622141
10000.0,66,7.443812203670556e-08,228.4826614822623,57.211722140798884,58.1892776964 307.211722141 134.598999919
10000.0,67,7.437599296938262e-08,228.4815458426283,57.19446658532098,58.2041554742 307.194466585 134.601377696
10000.0,68,7.43520887327678e-08,228.48043056167626,57.177211029813975,58.2190332521 307.17721103 134.603755474
10000.0,69,7.426247429344181e-08,228.47931662507108,57.15995547435671,58.2339110299 307.159955474 134.606133252
10000.0,70,7.418966103184883e-08,228.47820378042798,57.142699918886535,58.2487888078 307.142699919 134.60851103
10000.0,71,8.661872325572202e-08,228.47690449960282,57.12544435403993,58.2636665763 307.125444354 134.610888799
10000.0,72,8.654378626084105e-08,228.4756063431405,57.10818879857129,58.2785443542 307.108188799 134.613266576
10000.0,73,8.647083799612827e-08,228.47430928034555,57.09093324310095,58.293422132 307.090933243 134.615644354
10000.0,74,8.639580863069165e-08,228.47301334361873,57.073677687632255,58.3082999099 307.073677688 134.618022132
10000.0,75,8.632321011090325e-08,228.47171849544338,57.05642213216208,58.3231776878 307.056422132 134.62039991
10000.0,76,8.624776942017181e-08,228.47042477958894,57.03916657669322,58.3380554656 307.039166577 134.622777688
10000.0,77,8.617508326677934e-08,228.46913215342283,57.02191102122265,58.3529332435 307.021911021 134.625155466
10000.0,78,8.61002520638168e-08,228.46784064934582,57.00465546575367,58.3678110213 307.004655466 134.627533244
10000.0,79,8.602747038190097e-08,228.46655023723088,56.98739991028344,58.3826887992 306.98739991 134.629911021
10000.0,80,8.595241338424684e-08,228.46526095118406,56.97014435481458,58.3975665771 306.970144355 134.632288799
10000.0,81,8.582757497303344e-08,228.46397353755947,56.95288879926437,58.4124443549 306.952888799 134.634666577
10000.0,82,8.575263955713632e-08,228.4626872482977,56.93563324379534,58.4273221327 306.935633244 134.637044355
10000.0,83,8.568115501045921e-08,228.46140203053437,56.918377688324085,58.4421999106 306.918377688 134.639422133
10000.0,84,8.560647538994696e-08,228.4601179342917,56.90112213285511,58.4570776885 306.901122133 134.641799911
10000.0,85,8.553414371843044e-08,228.45883492262146,56.883866577384595,58.4719554663 306.883866577 134.644177689
10000.0,86,8.546017069319431e-08,228.45755302053476,56.86661102191471,58.4868332442 306.866611022 134.646555466
10000.0,87,8.538853140609919e-08,228.45627219222024,56.84935546644334,58.501711022 306.849355466 134.648933244
10000.0,88,8.531302124007804e-08,228.4549924973635,56.832099910973284,58.5165887999 306.832099911 134.651311022
10000.0,89,8.524128326649185e-08,228.45371387855266,56.814844355500725,58.5314665778 306.814844356 134.6536888
10000.0,90,8.516626258546643e-08,228.4524363846731,56.79758880003021,58.5463443556 306.7975888 134.656066578
10000.0,91,8.509581069423196e-08,228.45115994751268,56.78033324456129,58.5612221335 306.780333245 134.658444356
10000.0,92,8.502019473629237e-08,228.4498846449469,56.76307768909112,58.5760999114 306.763077689 134.660822134
10000.0,93,8.494777306269599e-08,228.44861042865887,56.745822133619185,58.5909776892 306.745822134 134.663199911
10000.0,94,8.486882939627725e-08,228.44733739641924,56.72856657814452,58.6058554671 306.728566578 134.665577689
10000.0,95,8.478685171237683e-08,228.44606559370277,56.711311022658776,58.6207332449 306.711311023 134.667955467
10000.0,96,8.470220554575765e-08,228.44479506086827,56.69405546717445,58.6356110228 306.694055467 134.670333245
10000.0,97,8.462125656984023e-08,228.4435257422092,56.67679991168751,58.6504888006 306.676799912 134.672711023
10000.0,98,8.453635855529582e-08,228.44225769684272,56.65954435620324,58.6653665785 306.659544356 134.675088801
10000.0,99,8.44548664089315e-08,228.44099087417817,56.642288800716756,58.6802443563 306.642288801 134.677466579
10000.0,100,8.437126631911775e-08,228.43972530547944,56.62503324523175,58.6951221342 306.625033245 134.679844356
100000.0,1,32.839506172839506,6666666.666666669,58.333333333333314,57.2222222222 308.333333333 134.444444444
100000.0,2,32.83859308496663,228.5585681675002,58.33160773456302,57.2237099568 308.331607735 134.444682179
100000.0,3,2.1220185904743023e-08,228.5600467898803,58.32988220462698,57.2251977602 308.329882205 134.444919982
100000.0,4,2.1215813698442314e-08,228.56152511099026,58.32815664907474,57.226685538 308.328156649 134.44515776
100000.0,5,2.121253809643046e-08,228.56300318767353,58.32643109352159,57.2281733157 308.326431094 134.445395538
100000.0,6,2.1209175650306456e-08,228.56448102561444,58.3247055379685,57.2296610935 308.324705538 134.445633316
100000.0,7,2.1205915838133176e-08,228.56595863049733,58.32297998241529,57.2311488713 308.322979982 134.445871094
100000.0,8,2.1202561286928457e-08,228.56743599663787,58.3212544268622,57.2326366491 308.321254427 134.446108871
100000.0,9,2.1199284105932747e-08,228.56891312403604,58.31952887130899,57.2341244269 308.319528871 134.446346649
100000.0,10,2.119595402897782e-08,228.5703900183762,58.31780331575584,57.2356122046 308.317803316 134.446584427
100000.0,11,2.1192590793361887e-08,228.57186666828966,58.31607776020269,57.2370999824 308.31607776 134.446822205
100000.0,12,2.1188976499312655e-08,228.5733430567234,58.31435220464971,57.2385877602 308.314352205 134.447059982
100000.0,13,2.1185622737599868e-08,228.57481920641476,58.31262664909656,57.240075538 308.312626649 134.44729776
100000.0,14,2.1182358188475014e-08,228.5762951230481,58.31090109354335,57.2415633158 308.310901094 134.447535538
100000.0,15,2.1179000479302584e-08,228.57777079525476,58.3091755379902,57.2430510935 308.309175538 134.447773316
100000.0,16,2.1175735140685802e-08,228.5792462344034,58.307449982436935,57.2445388713 308.307449982 134.448011094
100000.0,17,2.1172375852529512e-08,228.58072143480967,58.30572442688373,57.2460266491 308.305724427 134.448248871
100000.0,18,2.116913498816252e-08,228.58219640215793,58.303998871330464,57.2475144269 308.303998871 134.448486649
100000.0,19,2.1165794647812518e-08,228.58367113076383,58.30227331577737,57.2490022047 308.302273316 134.448724427
100000.0,20,2.1162554572937452e-08,228.58514563199606,58.30054776022416,57.2504899824 308.30054776 134.448962205
100000.0,21,2.1159226864458308e-08,228.58661990017026,58.29882220467101,57.2519777602 308.298822205 134.449199982
100000.0,22,2.115563388669115e-08,228.58809391254908,58.29709664911809,57.253465538 308.297096649 134.44943776
100000.0,23,2.1152329862969864e-08,228.58956769755423,58.29537109356494,57.2549533158 308.295371094 134.449675538
100000.0,24,2.1149067682320794e-08,228.59104124950136,58.29364553801173,57.2564410936 308.293645538 134.449913316
100000.0,25,2.1145744710793224e-08,228.59251456839047,58.29191998245858,57.2579288714 308.291919982 134.450151094
100000.0,26,2.1142398843999722e-08,228.59398764853722,58.29019442690549,57.2594166491 308.290194427 134.450388871
100000.0,27,2.1139154032173085e-08,228.59546050699464,58.28846887135228,57.2609044269 308.288468871 134.450626649
100000.0,28,2.1135809744363442e-08,228.59693313239404,58.28674331579913,57.2623922047 308.286743316 134.450864427
100000.0,29,2.1132564932536802e-08,228.5984055361041,58.285017760245864,57.2638799825 308.28501776 134.451102205
100000.0,30,2.112922696066259e-08,228.59987770107182,58.283292204692714,57.2653677603 308.283292205 134.451339982
100000.0,31,2.1125543980815564e-08,228.6013496045598,58.28156664913979,57.266855538 308.281566649 134.45157776
100000.0,32,2.112229680051314e-08,228.6028212806741,58.27984109358658,57.2683433158 308.279841094 134.451815538
100000.0,33,2.111895646016314e-08,228.60429272941474,58.278115538033376,57.2698310936 308.278115538 134.452053316
100000.0,34,2.1115607435401923e-08,228.605763939413,58.27638998248017,57.2713188714 308.276389982 134.452291094
100000.0,35,2.1112350781196355e-08,228.6072349220376,58.27466442692696,57.2728066492 308.274664427 134.452528871
100000.0,36,2.11090199147495e-08,228.60870567728853,58.27293887137375,57.2742944269 308.272938871 134.452766649
100000.0,37,2.110576326054393e-08,228.61017619948143,58.27121331582049,57.2757822047 308.271213316 134.453004427
100000.0,38,2.1102437131048646e-08,228.61164649430066,58.26948776026728,57.2772699825 308.26948776 134.453242205
100000.0,39,2.109917416090765e-08,228.61311655606187,58.26776220471402,57.2787577603 308.267762205 134.453479982
100000.0,40,2.109550065496377e-08,228.6145863620277,58.26603664916104,57.2802455381 308.266036649 134.45371776
100000.0,41,2.109225189567749e-08,228.61605594061984,58.26431109360777,57.2817333158 308.264311094 134.453955538
100000.0,42,2.1088906818375918e-08,228.61752528615398,58.26258553805451,57.2832210936 308.262585538 134.454193316
100000.0,43,2.1085567267517845e-08,228.6189943986301,58.26085998250119,57.2847088714 308.260859983 134.454431094
100000.0,44,2.1082315350263848e-08,228.6204632780482,58.25913442694787,57.2861966492 308.259134427 134.454668871
100000.0,45,2.1078979746865418e-08,228.62193193009261,58.257408871394546,57.287684427 308.257408871 134.454906649
100000.0,46,2.1075708092313207e-08,228.62340034907902,58.255683315841225,57.2891722047 308.255683316 134.455144427
100000.0,47,2.1072385910277564e-08,228.6248685350074,58.2539577602879,57.2906599825 308.25395776 134.455382205
100000.0,48,2.1069122150644642e-08,228.62633649356212,58.252232204734526,57.2921477603 308.252232205 134.455619983
100000.0,49,2.1065450223684618e-08,228.6278041906371,58.25050664918149,57.2936355381 308.250506649 134.45585776
100000.0,50,2.106219988541448e-08,228.62927166602276,58.248781093628054,57.2951233159 308.248781094 134.456095538
100000.0,51,2.1058854808112908e-08,228.63073890266605,58.24705553807473,57.2966110936 308.247055538 134.456333316
100000.0,52,2.1055537363028836e-08,228.63220590625133,58.24532998252141,57.2980988714 308.245329983 134.456571094
100000.0,53,2.105227991933134e-08,228.63367268814727,58.243604426968034,57.2995866492 308.243604427 134.456808871
100000.0,54,2.104891589422348e-08,228.63513923130085,58.241878871414656,57.301074427 308.241878871 134.457046649
100000.0,55,2.10456726613807e-08,228.6366055527651,58.24015331586122,57.3025622048 308.240153316 134.457284427
100000.0,56,2.1042341794933844e-08,228.638071635487,58.238427760307786,57.3040499825 308.23842776 134.457522205
100000.0,57,2.103909935158299e-08,228.63953749651955,58.236702204754295,57.3055377603 308.236702205 134.457759983
100000.0,58,2.103577480107156e-08,228.6410031244941,58.2349766492008,57.3070255381 308.234976649 134.45799776
100000.0,59,2.1032173928385116e-08,228.64246849667325,58.23325109364754,57.3085133159 308.233251094 134.458235538
100000.0,60,2.10288359565109e-08,228.64393363579438,58.23152553809405,57.3100010937 308.231525538 134.458473316
100000.0,61,2.102549403717704e-08,228.64539853617316,58.229799982540555,57.3114888714 308.229799983 134.458711094
100000.0,62,2.102216474971404e-08,228.64686320917826,58.228074426987064,57.3129766492 308.228074427 134.458948871
100000.0,63,2.1018928622298617e-08,228.6483276548097,58.22634887143346,57.314464427 308.226348871 134.459186649
100000.0,64,2.101556380769883e-08,228.64979186169876,58.22462331587991,57.3159522048 308.224623316 134.459424427
100000.0,65,2.1012316627396405e-08,228.6512558468985,58.222897760326305,57.3174399826 308.22289776 134.459662205
100000.0,66,2.1008969181619047e-08,228.65271959335587,58.221172204772756,57.3189277603 308.221172205 134.459899983
100000.0,67,2.1005644631107618e-08,228.65418310675523,58.21944664921921,57.3204155381 308.219446649 134.46013776
100000.0,68,2.1002048495372744e-08,228.65564637572788,58.21772109366577,57.3219033159 308.217721094 134.460375538
100000.0,69,2.0998713681466242e-08,228.65710940595818,58.21599553811217,57.3233910937 308.215995538 134.460613316
100000.0,70,2.0995449132341392e-08,228.6585722088148,58.214269982558505,57.3248788715 308.214269983 134.460851094
100000.0,71,2.099211984487839e-08,228.6600347786134,58.2125444270049,57.3263666493 308.212544427 134.461088871
100000.0,72,2.0988880559495254e-08,228.66149712103834,58.21081887145124,57.327854427 308.210818871 134.461326649
100000.0,73,2.098552916625825e-08,228.66295923040525,58.20909331589763,57.3293422048 308.209093316 134.461564427
100000.0,74,2.098227409103654e-08,228.6644211123985,58.20736776034397,57.3308299826 308.20736776 134.461802205
100000.0,75,2.0978934540178468e-08,228.66588275564936,58.205642204790365,57.3323177604 308.205642205 134.462039983
100000.0,76,2.0975676306989044e-08,228.6673441772109,58.2039166492367,57.3338055382 308.203916649 134.46227776
100000.0,77,2.097201227494831e-08,228.66880533729272,58.20219109368338,57.3352933159 308.202191094 134.462515538
100000.0,78,2.0968759568202383e-08,228.6702662756852,58.20046553812972,57.3367810937 308.200465538 134.462753316
100000.0,79,2.0965430280739383e-08,228.67172698101967,58.198739982576114,57.3382688715 308.198739983 134.462991094
100000.0,80,2.0962082045470097e-08,228.67318745329612,58.19701442702251,57.3397566493 308.197014427 134.463228871
100000.0,81,2.0958837233643457e-08,228.6746476981989,58.19528887146885,57.3412444271 308.195288871 134.463466649
100000.0,82,2.0955504788212743e-08,228.67610771004365,58.19356331591524,57.3427322048 308.193563316 134.463704427
100000.0,83,2.0952248923499106e-08,228.67756749451473,58.19183776036158,57.3442199826 308.19183776 134.463942205
100000.0,84,2.094890463568946e-08,228.6790270459278,58.190112204807974,57.3457077604 308.190112205 134.464179983
100000.0,85,2.094565587640318e-08,228.68048636996718,58.188386649254255,57.3471955382 308.188386649 134.46441776
100000.0,86,2.09419713175723e-08,228.6819454382112,58.18666109370088,57.348683316 308.186661094 134.464655538
100000.0,87,2.0938725716253732e-08,228.68340427339717,58.18493553814716,57.3501710937 308.184935538 134.464893316
100000.0,88,2.0935382217936017e-08,228.68486288689382,58.183209982593496,57.3516588715 308.183209983 134.465131094
100000.0,89,2.0932128721698163e-08,228.68632126733246,58.18148442703978,57.3531466493 308.181484427 134.465368872
100000.0,90,2.0928782854904664e-08,228.68777941471308,58.179758871486115,57.3546344271 308.179758871 134.465606649
100000.0,91,2.092543935658695e-08,228.68923732903568,58.17803331593245,57.3561222049 308.178033316 134.465844427
100000.0,92,2.092218822882488e-08,228.6906950159846,58.176307760378734,57.3576099826 308.17630776 134.466082205
100000.0,93,2.0918936311570885e-08,228.69215247555985,58.174582204825015,57.3590977604 308.174582205 134.466319983
100000.0,94,2.091550044269752e-08,228.69360970207708,58.172856649271466,57.3605855382 308.172856649 134.46655776
100000.0,95,2.0912253262395097e-08,228.6950666955363,58.17113109371775,57.362073316 308.171131094 134.466795538
100000.0,96,2.0908564756104575e-08,228.69652343888447,58.16940553816437,57.3635610938 308.169405538 134.467033316
100000.0,97,2.0905210994391787e-08,228.69797994349028,58.16767998261071,57.3650488715 308.167679983 134.467271094
100000.0,98,2.0901969340532862e-08,228.69943622640676,58.165954427057045,57.3665366493 308.165954427 134.467508872
100000.0,99,2.089862505272322e-08,228.70089227626522,58.16422887150338,57.3680244271 308.164228872 134.467746649
100000.0,100,2.0895390504291654e-08,228.70234810443435,58.162503315949664,57.3695122049 308.162503316 134.467984427
1000000.0,1,32.839506172839506,66666666.66666669,58.333333333333314,57.2222222222 308.333333333 134.444444444
1000000.0,2,32.839414859637394,228.62671491503716,58.333160704102056,57.2223709263 308.333160704 134.444468149
1000000.0,3,1.5902932501729893e-08,228.6243368706091,58.332988192085395,57.2225197476 308.332988192 134.44449197
1000000.0,4,1.586344290495213e-08,228.62194825330516,58.33281563659034,57.2226685255 308.332815637 134.444515748
1000000.0,5,1.5852377386080562e-08,228.61954758519641,58.33264308104975,57.2228173033 308.332643081 134.444539525
1000000.0,6,1.5841364763168208e-08,228.6171349231263,58.33247052550905,57.2229660811 308.332470526 134.444563303
1000000.0,7,1.5830352929747782e-08,228.6147103239382,58.332297969968295,57.2231148589 308.33229797 134.444587081
1000000.0,8,1.5819354517690144e-08,228.61227373078873,58.33212541442754,57.2232636367 308.332125414 134.444610859
1000000.0,9,1.580839479073701e-08,228.60982531420814,58.331952858886666,57.2234124144 308.331952859 134.444634637
1000000.0,10,1.5797440590227375e-08,228.607365017353,58.331780303345795,57.2235611922 308.331780303 134.444658414
1000000.0,11,1.578651481142717e-08,228.60489289706675,58.33160774780487,57.22370997 308.331607748 134.444682192
1000000.0,12,1.5775614296368683e-08,228.60240889650595,58.33143519226394,57.2238587478 308.331435192 134.44470597
1000000.0,13,1.5764717728769838e-08,228.59991324304428,58.331262636722954,57.2240075256 308.331262637 134.444729748
1000000.0,14,1.575385589881585e-08,228.5974057661515,58.33109008118197,57.2241563034 308.331090081 134.444753526
1000000.0,15,1.5742963278676648e-08,228.59488669320126,58.33091752564093,57.2243050812 308.330917526 134.444777303
1000000.0,16,1.573214250230295e-08,228.59235596735016,58.330744970099886,57.224453859 308.33074497 134.444801081
1000000.0,17,1.5721313041518037e-08,228.5898136454416,58.33057241455879,57.2246026368 308.330572415 134.444824859
1000000.0,18,1.5710499370571697e-08,228.58725978431903,58.33039985901769,57.2247514146 308.330399859 134.444848637
1000000.0,19,1.5699705436923573e-08,228.58469444082584,58.33022730347653,57.2249001924 308.330227303 134.444872415
1000000.0,20,1.5688929661589807e-08,228.58211755811863,58.33005474793538,57.2250489702 308.330054748 134.444896192
1000000.0,21,1.567818230796547e-08,228.57952924988422,58.329882192394166,57.225197748 308.329882192 134.44491997
1000000.0,22,1.5667451533671638e-08,228.57692951612262,58.329709636852954,57.2253465257 308.329709637 134.444943748
1000000.0,23,1.5656717601410087e-08,228.57431841367725,58.32953708131174,57.2254953035 308.329537081 134.444967526
1000000.0,24,1.564601051187411e-08,228.5716959425481,58.32936452577053,57.2256440813 308.329364526 134.444991304
1000000.0,25,1.5635320001668635e-08,228.56906227326544,58.32919197022932,57.2257928591 308.32919197 134.445015081
1000000.0,26,1.562465159723716e-08,228.566417235299,58.329019414688105,57.2259416369 308.329019415 134.445038859
1000000.0,27,1.5614010035531262e-08,228.56376105602249,58.32884685914678,57.2260904147 308.328846859 134.445062637
1000000.0,28,1.560336452636572e-08,228.56109362174902,58.32867430360545,57.2262391925 308.328674304 134.445086415
1000000.0,29,1.559274428094189e-08,228.55841504616546,58.32850174806413,57.2263879703 308.328501748 134.445110193
1000000.0,30,1.558213824637278e-08,228.55572538611523,58.328329192522745,57.2265367481 308.328329193 134.44513397
1000000.0,31,1.5571538527739094e-08,228.5530246415983,58.32815663698136,57.2266855259 308.328156637 134.445157748
1000000.0,32,1.5560977494209915e-08,228.55031286945814,58.32798408143998,57.2268343037 308.327984081 134.445181526
1000000.0,33,1.5550408565761447e-08,228.54759012653813,58.32781152589848,57.2269830815 308.327811526 134.445205304
1000000.0,34,1.5539877532925555e-08,228.54485629915143,58.327638970356986,57.2271318593 308.32763897 134.445229081
1000000.0,35,1.5529365447895948e-08,228.54211161467174,58.32746641481549,57.227280637 308.327466415 134.445252859
1000000.0,36,1.551885336286634e-08,228.53935601625562,58.32729385927394,57.2274294148 308.327293859 134.445276637
1000000.0,37,1.5508364962594594e-08,228.5365895607465,58.32712130373238,57.2275781926 308.327121304 134.445300415
1000000.0,38,1.549789077317756e-08,228.5338122481444,58.32694874819083,57.2277269704 308.326948748 134.445324193
1000000.0,39,1.5487445794961886e-08,228.53102413529268,58.32677619264922,57.2278757482 308.326776193 134.44534797
1000000.0,40,1.547698739538343e-08,228.5282252221914,58.32660363710761,57.228024526 308.326603637 134.445371748
1000000.0,41,1.5466570049385254e-08,228.52541567937078,58.32643108156594,57.2281733038 308.326431082 134.445395526
1000000.0,42,1.5456164545766015e-08,228.52259533630058,58.326258526024276,57.2283220816 308.326258526 134.445419304
1000000.0,43,1.5445766937066057e-08,228.51976442035448,58.32608597048255,57.2284708594 308.32608597 134.445443082
1000000.0,44,1.5435378802269245e-08,228.51692293153246,58.32591341494077,57.2286196372 308.325913415 134.445466859
1000000.0,45,1.5425023036641505e-08,228.5140707561477,58.32574085939905,57.228768415 308.325740859 134.445490637
1000000.0,46,1.5414675955424982e-08,228.51120806473045,58.32556830385721,57.2289171928 308.325568304 134.445514415
1000000.0,47,1.5404358085409815e-08,228.50833485728072,58.32539574831537,57.2290659705 308.325395748 134.445538193
1000000.0,48,1.5394044162854293e-08,228.50545107695507,58.325223192773535,57.2292147483 308.325223193 134.445561971
1000000.0,49,1.53837476091212e-08,228.5025569511272,58.32505063723164,57.2293635261 308.325050637 134.445585748
1000000.0,50,1.537346210827511e-08,228.49965236611024,58.32487808168969,57.2295123039 308.324878082 134.445609526
1000000.0,51,1.5363199502694947e-08,228.49673737874764,58.32470552614774,57.2296610817 308.324705526 134.445633304
1000000.0,52,1.5352961371364572e-08,228.4938120458828,58.32453297060573,57.2298098595 308.324532971 134.445657082
1000000.0,53,1.5342719292574557e-08,228.49087636751574,58.32436041506372,57.2299586373 308.324360415 134.44568086
1000000.0,54,1.5332498530066612e-08,228.48793045733328,58.32418785952166,57.2301074151 308.32418786 134.445704637
1000000.0,55,1.532229908384074e-08,228.484974258492,58.32401530397959,57.2302561929 308.324015304 134.445728415
1000000.0,56,1.5312110690501868e-08,228.48200782783533,58.32384274843747,57.2304049707 308.323842748 134.445752193
1000000.0,57,1.5301945192428928e-08,228.4790312790501,58.32367019289535,57.2305537485 308.323670193 134.445775971
1000000.0,58,1.5291790747242985e-08,228.47604449844948,58.32349763735323,57.2307025263 308.323497637 134.445799748
1000000.0,59,1.5281642617992475e-08,228.4730475997203,58.32332508181105,57.2308513041 308.323325082 134.445823526
1000000.0,60,1.5271500015185463e-08,228.47004063970599,58.32315252626893,57.2310000818 308.323152526 134.445847304
1000000.0,61,1.5261413466305385e-08,228.46702361840653,58.32297997072669,57.2311488596 308.322979971 134.445871082
1000000.0,62,1.5251314285554447e-08,228.46399653582193,58.32280741518446,57.2312976374 308.322807415 134.44589486
1000000.0,63,1.524121115734387e-08,228.46095956248246,58.322634859642164,57.2314464152 308.32263486 134.445918637
1000000.0,64,1.5231161714584434e-08,228.45791252785784,58.32246230409987,57.231595193 308.322462304 134.445942415
1000000.0,65,1.5221105166397642e-08,228.45485560247835,58.32228974855752,57.2317439708 308.322289749 134.445966193
1000000.0,66,1.521106677652521e-08,228.4517888431874,58.322117193015174,57.2318927486 308.322117193 134.445989971
1000000.0,67,1.520104891344292e-08,228.44871219314155,58.32194463747277,57.2320415264 308.321944637 134.446013749
1000000.0,68,1.519106184054585e-08,228.44562570918424,58.32177208193036,57.2321903042 308.321772082 134.446037526
1000000.0,69,1.518105660933442e-08,228.44252939131547,58.3215995263879,57.232339082 308.321599526 134.446061304
1000000.0,70,1.5171086905259774e-08,228.43942329637866,58.32142697084544,57.2324878598 308.321426971 134.446085082
1000000.0,71,1.516111325372549e-08,228.43630748121723,58.321254415302974,57.2326366375 308.321254415 134.44610886
1000000.0,72,1.5151178287295707e-08,228.43318200267458,58.321081859760454,57.2327854153 308.32108186 134.446132638
1000000.0,73,1.5141233846962777e-08,228.43004686075074,58.320909304217935,57.2329341931 308.320909304 134.446156415
1000000.0,74,1.5131314670371566e-08,228.42690205544568,58.32073674867536,57.2330829709 308.320736749 134.446180193
1000000.0,75,1.5121415231078572e-08,228.42374764360284,58.32056419313278,57.2332317487 308.320564193 134.446203971
1000000.0,76,1.5111538687051507e-08,228.4205836252222,58.32039163759015,57.2333805265 308.320391638 134.446227749
1000000.0,77,1.510164635318587e-08,228.41741011399063,58.320219082047515,57.2335293043 308.320219082 134.446251527
1000000.0,78,1.509179507290052e-08,228.41422705306468,58.320046526504825,57.2336780821 308.320046527 134.446275304
1000000.0,79,1.5081953266518312e-08,228.41103449928778,58.319873970962135,57.2338268599 308.319873971 134.446299082
1000000.0,80,1.5072113039119966e-08,228.40783250950335,58.31970141541939,57.2339756377 308.319701415 134.44632286
1000000.0,81,1.5062297285971404e-08,228.4046210837114,58.31952885987664,57.2341244155 308.31952886 134.446346638
1000000.0,82,1.5052502059612987e-08,228.40140033559874,58.31935630433384,57.2342731933 308.319356304 134.446370415
1000000.0,83,1.504271788614157e-08,228.39817015147855,58.31918374879103,57.234421971 308.319183749 134.446394193
1000000.0,84,1.5032934502162082e-08,228.39493064503768,58.319011193248116,57.2345707488 308.319011193 134.446417971
1000000.0,85,1.502319375074674e-08,228.3916818162761,58.3188386377052,57.2347195266 308.318838638 134.446441749
1000000.0,86,1.501344036746054e-08,228.38842372203726,58.31866608216234,57.2348683044 308.318666082 134.446465527
1000000.0,87,1.5003700405537124e-08,228.38515636232114,58.31849352661942,57.2350170822 308.318493527 134.446489304
1000000.0,88,1.499400070770207e-08,228.38187985081458,58.318320971076446,57.23516586 308.318320971 134.446513082
1000000.0,89,1.4984286009520375e-08,228.37859407383075,58.318148415533415,57.2353146378 308.318148416 134.44653686
1000000.0,90,1.4974610785935106e-08,228.3752992018999,58.31797585999038,57.2354634156 308.31797586 134.446560638
1000000.0,91,1.4964926088446696e-08,228.37199517817862,58.31780330444735,57.2356121934 308.317803304 134.446584416
1000000.0,92,1.4955278497078932e-08,228.3686820026669,58.31763074890432,57.2357609712 308.317630749 134.446608193
1000000.0,93,1.4945619063332238e-08,228.365359845895,58.31745819336129,57.235909749 308.317458193 134.446631971
1000000.0,94,1.4935986472311115e-08,228.3620286510195,58.3172856378182,57.2360585267 308.317285638 134.446655749
1000000.0,95,1.492636967112857e-08,228.3586884180404,58.317113082275114,57.2362073045 308.317113082 134.446679527
1000000.0,96,1.4916765501816876e-08,228.35533926064454,58.31694052673197,57.2363560823 308.316940527 134.446703305
1000000.0,97,1.4907172385392187e-08,228.35198106514508,58.316767971188824,57.2365048601 308.316767971 134.446727082
1000000.0,98,1.4897591900838355e-08,228.3486140589157,58.31659541564568,57.2366536379 308.316595416 134.44675086
1000000.0,99,1.488801931120381e-08,228.34523812826956,58.31642286010248,57.2368024157 308.31642286 134.446774638
1000000.0,100,1.4878474353786764e-08,228.34185327320665,58.316250304559276,57.2369511935 308.316250305 134.446798416
100000000.0,1,32.839506172839506,6666666666.666669,58.333333333333314,57.2222222222 308.333333333 134.444444444
100000000.0,2,32.839505258348446,238.8039722442627,58.33333149039913,57.2222235926 308.33333149 134.444444565
100000000.0,3,5.3122098127763216e-08,235.81319555129448,58.333329792710856,57.2222251083 308.333329793 134.44444483
100000000.0,4,4.923574831789463e-08,233.0038573669881,58.33332807176157,57.2222266007 308.333328072 134.444445073
100000000.0,5,4.644616701120362e-08,230.31164504724438,58.333326348534115,57.2222280908 308.333326349 134.444445313
100000000.0,6,4.381855628960491e-08,227.73811041739827,58.33332462484162,57.2222295804 308.333324625 134.444445553
100000000.0,7,4.127025397969596e-08,225.2884660189593,58.3333229008565,57.2222310697 308.333322901 134.444445792
100000000.0,8,3.878874031847267e-08,222.96685005282052,58.33332117661439,57.2222325588 308.333321177 134.444446031
100000000.0,9,3.6369898895019205e-08,220.77611037426686,58.333319452138824,57.2222340477 308.333319452 134.44444627
100000000.0,10,3.401296232318095e-08,218.71784428336832,58.333317727451856,57.2222355363 308.333317727 134.444446509
100000000.0,11,3.1719524587161786e-08,216.79251789615955,58.33331600257509,57.2222370248 308.333316003 134.444446747
100000000.0,12,2.949310366299566e-08,214.99947751332365,58.333314277529496,57.2222385131 308.333314278 134.444446985
100000000.0,13,2.7338495714148948e-08,213.33703488532046,58.33331255233571,57.2222400012 308.333312552 134.444447223
100000000.0,14,2.5261328239088876e-08,211.80251837146352,58.33331082701369,57.2222414892 308.333310827 134.444447461
100000000.0,15,2.326741663536167e-08,210.39235820504837,58.33330910158247,57.2222429771 308.333309102 134.444447699
100000000.0,16,2.1362506035731915e-08,209.10217744282272,58.33330737606008,57.222244465 308.333307376 134.444447937
100000000.0,17,1.9551632609212295e-08,207.9268999674823,58.33330565046322,57.2222459527 308.33330565 134.444448175
100000000.0,18,1.783898066302451e-08,206.8609039649018,58.333303924807126,57.2222474404 308.333303925 134.444448413
100000000.0,19,1.6227583425158325e-08,205.89809582057933,58.33330219910556,57.222248928 308.333302199 134.44444865
100000000.0,20,1.4719260674509213e-08,205.03207496555115,58.33330047337063,57.2222504156 308.333300473 134.444448888
100000000.0,21,1.3314499527597137e-08,204.25625893191318,58.33329874761267,57.2222519032 308.333298748 134.444449125
100000000.0,22,1.2012559440993048e-08,203.56399135531683,58.333297021840565,57.2222533907 308.333297022 134.444449363
100000000.0,23,1.0811563002890681e-08,202.9486499774648,58.33329529606158,57.2222548783 308.333295296 134.444449601
100000000.0,24,9.708503828025844e-09,202.403754648607,58.33329357028157,57.2222563658 308.33329357 134.444449838
100000000.0,25,8.699649198560008e-09,201.92302417095925,58.33329184450514,57.2222578534 308.333291845 134.444450076
100000000.0,26,7.78049901050003e-09,201.500450195148,58.33329011873582,57.222259341 308.333290119 134.444450313
100000000.0,27,6.946101570469586e-09,201.1303370106034,58.3332883929761,57.2222608285 308.333288393 134.444450551
100000000.0,28,6.191110439128049e-09,200.8073470202944,58.33328666722775,57.2222623161 308.333286667 134.444450788
100000000.0,29,5.510059963853564e-09,200.5265064250707,58.3332849414918,57.2222638037 308.333284941 134.444451026
100000000.0,30,4.8973984374040605e-09,200.28322227668832,58.3332832157688,57.2222652913 308.333283216 134.444451264
100000000.0,31,4.347659417665757e-09,200.0732767934678,58.33328149005888,57.222266779 308.33328149 134.444451501
100000000.0,32,3.8554640961289506e-09,199.8928216759523,58.333279764361805,57.2222682666 308.333279764 134.444451739
100000000.0,33,3.415724197313668e-09,199.7383667382237,58.33327803867712,57.2222697542 308.333278039 134.444451976
100000000.0,34,3.023533028883523e-09,199.60676285487716,58.333276313004376,57.2222712419 308.333276313 134.444452214
100000000.0,35,2.674362065135938e-09,199.4951735393115,58.33327458734277,57.2222727296 308.333274587 134.444452452
100000000.0,36,2.363921996422707e-09,199.40106925938744,58.33327286169157,57.2222742173 308.333272862 134.444452689
100000000.0,37,2.0882803634473626e-09,199.32219333137618,58.33327113605003,57.2222757049 308.333271136 134.444452927
100000000.0,38,1.8438299775880296e-09,199.25653918259195,58.3332694104173,57.2222771926 308.33326941 134.444453165
100000000.0,39,1.6272636571557086e-09,199.2023276140244,58.333267684792645,57.2222786804 308.333267685 134.444453403
100000000.0,40,1.4355765958700633e-09,199.15798406297108,58.33326595917532,57.2222801681 308.333265959 134.44445364
100000000.0,41,1.2660576784482045e-09,199.12212723435368,58.333264233564705,57.2222816558 308.333264234 134.444453878
100000000.0,42,1.1162073734441138e-09,199.09355204769236,58.33326250796006,57.2222831435 308.333262508 134.444454116
100000000.0,43,9.83879841795796e-10,199.0711898467125,58.33326078236081,57.2222846313 308.333260782 134.444454353
100000000.0,44,8.670437207709054e-10,199.0541197680286,58.333259056766394,57.222286119 308.333259057 134.444454591
100000000.0,45,7.639534437152583e-10,199.04152326640906,58.3332573311763,57.2222876067 308.333257331 134.444454829
100000000.0,46,6.730434481343965e-10,199.03270116780186,58.33325560559007,57.2222890945 308.333255606 134.444455067
100000000.0,47,5.928784377020848e-10,199.0270452476252,58.333253880007305,57.2222905822 308.33325388 134.444455304
100000000.0,48,5.22212594154957e-10,199.07555449090432,58.333252154427555,57.22229207 308.333252154 134.444455542
100000000.0,49,4.5996036609115737e-10,199.14370975011843,58.33325042885053,57.2222935577 308.333250429 134.44445578
100000000.0,50,4.114579294562443e-10,199.2054246499756,58.333248703275956,57.2222950455 308.333248703 134.444456018
100000000.0,51,3.7282098396139596e-10,199.26134720545087,58.33324697770354,57.2222965333 308.333246978 134.444456255
100000000.0,52,3.380486014571539e-10,199.31205153507472,58.333245252133,57.222298021 308.333245252 134.444456493
100000000.0,53,3.0671445630206207e-10,199.35806059830065,58.33324352656416,57.2222995088 308.333243527 134.444456731
100000000.0,54,2.784695930636695e-10,199.3998234581377,58.3332418009968,57.2223009966 308.333241801 134.444456969
100000000.0,55,2.529761091965257e-10,199.43777212456916,58.33324007543081,57.2223024843 308.333240075 134.444457207
100000000.0,56,2.2997584083997127e-10,199.4722647111339,58.33323834986595,57.2223039721 308.33323835 134.444457444
100000000.0,57,2.0920272921406044e-10,199.50364227834507,58.33323662430212,57.2223054599 308.333236624 134.444457682
100000000.0,58,1.904278216594927e-10,199.53220609632262,58.33323489873919,57.2223069476 308.333234899 134.44445792
100000000.0,59,1.734308499281825e-10,199.55821764479333,58.33323317317712,57.2223084354 308.333233173 134.444458158
100000000.0,60,1.5806654750526328e-10,199.58192703480017,58.33323144761573,57.2223099232 308.333231448 134.444458395
100000000.0,61,1.4414938378750877e-10,199.60354458699294,58.333229722054966,57.222311411 308.333229722 134.444458633
100000000.0,62,1.315159339456942e-10,199.62326356899575,58.33322799649477,57.2223128987 308.333227996 134.444458871
100000000.0,63,1.2008093285152832e-10,199.64127724843274,58.333226270935086,57.2223143865 308.333226271 134.444459109
100000000.0,64,1.0969595602243014e-10,199.65773341819295,58.333224545375856,57.2223158743 308.333224545 134.444459346
100000000.0,65,1.0025521153996426e-10,199.67277418682352,58.333222819817024,57.2223173621 308.33322282 134.444459584
100000000.0,66,9.168211868705435e-11,199.68652460984595,58.33322109425853,57.2223188498 308.333221094 134.444459822
100000000.0,67,8.390957064976748e-11,199.69911542712362,58.333219368700384,57.2223203376 308.333219369 134.44446006
100000000.0,68,7.679624837288025e-11,199.71063190378482,58.33321764314246,57.2223218254 308.333217643 134.444460298
100000000.0,69,7.03571522030365e-11,199.7211763579835,58.333215917584766,57.2223233132 308.333215918 134.444460535
100000000.0,70,6.447780581058599e-11,199.7308511078736,58.3332141920273,57.2223248009 308.333214192 134.444460773
100000000.0,71,5.910057628473926e-11,199.739712996874,58.33321246647,57.2223262887 308.333212466 134.444461011
100000000.0,72,5.4211252770781156e-11,199.7478416057711,58.333210740912875,57.2223277765 308.333210741 134.444461249
100000000.0,73,4.975299184985084e-11,199.75529946232564,58.33320901535586,57.2223292643 308.333209015 134.444461486
100000000.0,74,4.566500264344439e-11,199.76214909429837,58.33320728979902,57.222330752 308.33320729 134.444461724
100000000.0,75,4.195439057891943e-11,199.76843597642437,58.333205564242235,57.2223322398 308.333205564 134.444461962
100000000.0,76,3.855089087462855e-11,199.77421695212252,58.33320383868556,57.2223337276 308.333203839 134.4444622
100000000.0,77,3.542687131306997e-11,199.779531811786,58.333202113129005,57.2223352154 308.333202113 134.444462438
100000000.0,78,3.256891053145713e-11,199.78442034580803,58.33320038757256,57.2223367032 308.333200388 134.444462675
100000000.0,79,2.997306107014689e-11,199.78891097589803,58.33319866201617,57.2223381909 308.333198662 134.444462913
100000000.0,80,2.7578532050635356e-11,199.79304349244921,58.333196936459785,57.2223396787 308.333196936 134.444463151
100000000.0,81,2.5390849916422868e-11,199.796846317171,58.333195210903455,57.2223411665 308.333195211 134.444463389
100000000.0,82,2.3372908546864184e-11,199.80034787177283,58.33319348534718,57.2223426543 308.333193485 134.444463626
100000000.0,83,2.152786590967379e-11,199.80357657796412,58.33319175979091,57.222344142 308.33319176 134.444463864
100000000.0,84,1.984309013399373e-11,199.80655517311243,58.33319003423469,57.2223456298 308.333190034 134.444464102
100000000.0,85,1.8282264591107378e-11,199.80929502590152,58.33318830867853,57.2223471176 308.333188309 134.44446434
100000000.0,86,1.6857231659944065e-11,199.81182455804083,58.33318658312237,57.2223486054 308.333186583 134.444464578
100000000.0,87,1.5541148614930635e-11,199.81415513821412,58.333184857566266,57.2223500932 308.333184858 134.444464815
100000000.0,88,1.433480494799571e-11,199.81630381944706,58.33318313201016,57.2223515809 308.333183132 134.444465053
100000000.0,89,1.3235832183353422e-11,199.8182876547653,58.333181406454116,57.2223530687 308.333181406 134.444465291
100000000.0,90,1.2216598103501989e-11,199.82011801285262,58.33317968089807,57.2223545565 308.333179681 134.444465529
100000000.0,91,1.12660498214407e-11,199.82180626239278,58.33317795534202,57.2223560443 308.333177955 134.444465766
100000000.0,92,1.041024057081409e-11,199.82336377206957,58.33317622978598,57.222357532 308.33317623 134.444466004
100000000.0,93,9.612064230976911e-12,199.82480191056675,58.33317450422993,57.2223590198 308.333174504 134.444466242
100000000.0,94,8.88099470507263e-12,199.8261320465681,58.333172778673884,57.2223605076 308.333172779 134.44446648
100000000.0,95,8.19729469488569e-12,199.82735986441548,58.333171053117894,57.2223619954 308.333171053 134.444466718
100000000.0,96,7.57833302284578e-12,199.8284967327927,58.333169327561905,57.2223634832 308.333169328 134.444466955
100000000.0,97,7.00674086652321e-12,199.82954833604163,58.333167602005915,57.2223649709 308.333167602 134.444467193
100000000.0,98,6.4777812743462464e-12,199.83051467416226,58.333165876449925,57.2223664587 308.333165876 134.444467431
100000000.0,99,5.995401705958001e-12,199.83141848452215,58.333164150893936,57.2223679465 308.333164151 134.444467669
100000000.0,100,5.550128258215005e-12,199.8322483984375,58.333162425337946,57.2223694343 308.333162425 134.444467906
